Fecha,tipocambio
02/01/2007,10.7815
03/01/2007,10.7708
04/01/2007,10.865
05/01/2007,10.9355
08/01/2007,10.9705
09/01/2007,11.0091
10/01/2007,11.0333
11/01/2007,10.965
12/01/2007,10.9765
15/01/2007,10.9419
16/01/2007,10.986
17/01/2007,10.9234
18/01/2007,10.9232
19/01/2007,10.8824
22/01/2007,10.8918
23/01/2007,10.9645
24/01/2007,10.9486
25/01/2007,10.9753
26/01/2007,11.0402
29/01/2007,11.0855
30/01/2007,11.0548
31/01/2007,11.0382
01/02/2007,10.982
02/02/2007,10.9921
06/02/2007,10.9192
07/02/2007,10.937
08/02/2007,10.9683
09/02/2007,10.9601
12/02/2007,11.0227
13/02/2007,10.9915
14/02/2007,10.9152
15/02/2007,10.9522
16/02/2007,10.9958
19/02/2007,10.9778
20/02/2007,10.9755
21/02/2007,11.0023
22/02/2007,10.9683
23/02/2007,11.0397
26/02/2007,11.079
27/02/2007,11.1493
28/02/2007,11.1682
01/03/2007,11.1917
02/03/2007,11.1817
05/03/2007,11.1762
06/03/2007,11.1473
07/03/2007,11.1555
08/03/2007,11.1426
09/03/2007,11.1205
12/03/2007,11.1483
13/03/2007,11.1727
14/03/2007,11.1867
15/03/2007,11.1348
16/03/2007,11.1664
20/03/2007,11.112
21/03/2007,11.0796
22/03/2007,11.022
23/03/2007,11.0166
26/03/2007,11.0253
27/03/2007,11.047
28/03/2007,11.0813
29/03/2007,11.0507
30/03/2007,11.0322
02/04/2007,11.0336
03/04/2007,10.9797
04/04/2007,10.9976
09/04/2007,10.9705
10/04/2007,11.0126
11/04/2007,10.984
12/04/2007,11.0135
13/04/2007,10.9917
16/04/2007,10.9856
17/04/2007,10.9911
18/04/2007,10.992
19/04/2007,11.0048
20/04/2007,10.979
23/04/2007,10.9637
24/04/2007,11.0053
25/04/2007,10.9369
26/04/2007,10.9312
27/04/2007,10.9305
30/04/2007,10.9278
02/05/2007,10.9262
03/05/2007,10.902
04/05/2007,10.8852
07/05/2007,10.8558
08/05/2007,10.8513
09/05/2007,10.8269
10/05/2007,10.8178
11/05/2007,10.8148
14/05/2007,10.7987
15/05/2007,10.8032
16/05/2007,10.7905
17/05/2007,10.8033
18/05/2007,10.8223
21/05/2007,10.7963
22/05/2007,10.7598
23/05/2007,10.7688
24/05/2007,10.8354
25/05/2007,10.7803
28/05/2007,10.7788
29/05/2007,10.7873
30/05/2007,10.818
31/05/2007,10.7445
01/06/2007,10.7131
04/06/2007,10.7441
05/06/2007,10.7809
06/06/2007,10.845
07/06/2007,10.9043
08/06/2007,10.9702
11/06/2007,10.9307
12/06/2007,10.9331
13/06/2007,10.9538
14/06/2007,10.9012
15/06/2007,10.8148
18/06/2007,10.776
19/06/2007,10.7494
20/06/2007,10.7713
21/06/2007,10.8266
22/06/2007,10.808
25/06/2007,10.8189
26/06/2007,10.8398
27/06/2007,10.8661
28/06/2007,10.7926
29/06/2007,10.7946
02/07/2007,10.7697
03/07/2007,10.7698
04/07/2007,10.76
05/07/2007,10.7936
06/07/2007,10.7828
09/07/2007,10.7531
10/07/2007,10.7917
11/07/2007,10.8248
12/07/2007,10.7799
13/07/2007,10.7608
16/07/2007,10.7653
17/07/2007,10.7628
18/07/2007,10.752
19/07/2007,10.7207
20/07/2007,10.7843
23/07/2007,10.764
24/07/2007,10.7846
25/07/2007,10.8712
26/07/2007,10.9436
27/07/2007,10.9973
30/07/2007,10.9812
31/07/2007,10.9273
01/08/2007,10.9663
02/08/2007,10.9402
03/08/2007,10.9677
06/08/2007,10.9886
07/08/2007,10.9613
08/08/2007,10.9209
09/08/2007,10.9832
10/08/2007,11.0173
13/08/2007,10.9915
14/08/2007,11.0549
15/08/2007,11.1148
16/08/2007,11.2676
17/08/2007,11.1259
20/08/2007,11.1053
21/08/2007,11.1213
22/08/2007,11.0736
23/08/2007,11.0489
24/08/2007,11.0413
27/08/2007,11.0382
28/08/2007,11.092
29/08/2007,11.1062
30/08/2007,11.0848
31/08/2007,11.0378
03/09/2007,11.0169
04/09/2007,11.0265
05/09/2007,11.0848
06/09/2007,11.0658
07/09/2007,11.1227
10/09/2007,11.1407
11/09/2007,11.1057
12/09/2007,11.072
13/09/2007,11.0743
14/09/2007,11.111
17/09/2007,11.1471
18/09/2007,11.0959
19/09/2007,10.9871
20/09/2007,10.9687
21/09/2007,10.9517
24/09/2007,10.9391
25/09/2007,10.9438
26/09/2007,10.9243
27/09/2007,10.9203
28/09/2007,10.9315
01/10/2007,10.9224
02/10/2007,10.921
03/10/2007,10.8685
04/10/2007,10.8963
05/10/2007,10.8557
08/10/2007,10.8589
09/10/2007,10.8379
10/10/2007,10.8383
11/10/2007,10.8101
12/10/2007,10.8252
15/10/2007,10.8133
16/10/2007,10.8418
17/10/2007,10.8181
18/10/2007,10.8133
19/10/2007,10.7976
22/10/2007,10.8404
23/10/2007,10.824
24/10/2007,10.8348
25/10/2007,10.8291
26/10/2007,10.7523
29/10/2007,10.7112
30/10/2007,10.7198
31/10/2007,10.7023
01/11/2007,10.6639
05/11/2007,10.7308
06/11/2007,10.7046
07/11/2007,10.7435
08/11/2007,10.8108
09/11/2007,10.8808
12/11/2007,10.9378
13/11/2007,10.8941
14/11/2007,10.8685
15/11/2007,10.9145
16/11/2007,10.9353
20/11/2007,10.9687
21/11/2007,11.0037
22/11/2007,10.979
23/11/2007,10.9733
26/11/2007,10.981
27/11/2007,10.9695
28/11/2007,10.9345
29/11/2007,10.9417
30/11/2007,10.8968
03/12/2007,10.9124
04/12/2007,10.9059
05/12/2007,10.8592
06/12/2007,10.8367
07/12/2007,10.8128
10/12/2007,10.8185
11/12/2007,10.8025
13/12/2007,10.8376
14/12/2007,10.8249
17/12/2007,10.846
18/12/2007,10.8553
19/12/2007,10.8412
20/12/2007,10.8363
21/12/2007,10.8203
24/12/2007,10.8132
26/12/2007,10.8105
27/12/2007,10.8662
28/12/2007,10.9043
31/12/2007,10.9157
02/01/2008,10.8972
03/01/2008,10.8842
04/01/2008,10.9277
07/01/2008,10.9208
08/01/2008,10.885
09/01/2008,10.962
10/01/2008,10.9572
11/01/2008,10.9318
14/01/2008,10.914
15/01/2008,10.9203
16/01/2008,10.9458
17/01/2008,10.9445
18/01/2008,10.9235
21/01/2008,10.9813
22/01/2008,10.9232
23/01/2008,10.9522
24/01/2008,10.8934
25/01/2008,10.8698
28/01/2008,10.8784
29/01/2008,10.8444
30/01/2008,10.8374
31/01/2008,10.8262
01/02/2008,10.8138
05/02/2008,10.8289
06/02/2008,10.8227
07/02/2008,10.804
08/02/2008,10.7575
11/02/2008,10.7736
12/02/2008,10.7465
13/02/2008,10.7509
14/02/2008,10.7413
15/02/2008,10.7653
18/02/2008,10.735
19/02/2008,10.7489
20/02/2008,10.7939
21/02/2008,10.798
22/02/2008,10.7818
25/02/2008,10.7855
26/02/2008,10.743
27/02/2008,10.7344
28/02/2008,10.6813
29/02/2008,10.7243
03/03/2008,10.7046
04/03/2008,10.7098
05/03/2008,10.6978
06/03/2008,10.7649
07/03/2008,10.8383
10/03/2008,10.8478
11/03/2008,10.7965
12/03/2008,10.7735
13/03/2008,10.7778
14/03/2008,10.7613
18/03/2008,10.704
19/03/2008,10.6944
24/03/2008,10.6748
25/03/2008,10.6793
26/03/2008,10.6957
27/03/2008,10.6962
28/03/2008,10.6987
31/03/2008,10.6482
01/04/2008,10.5985
02/04/2008,10.5557
03/04/2008,10.5644
04/04/2008,10.559
07/04/2008,10.5395
08/04/2008,10.561
09/04/2008,10.5552
10/04/2008,10.5503
11/04/2008,10.5337
14/04/2008,10.4919
15/04/2008,10.4843
16/04/2008,10.4579
17/04/2008,10.4828
18/04/2008,10.461
21/04/2008,10.5223
22/04/2008,10.5181
23/04/2008,10.4868
24/04/2008,10.462
25/04/2008,10.4702
28/04/2008,10.4464
29/04/2008,10.5272
30/04/2008,10.5095
02/05/2008,10.4585
05/05/2008,10.4687
06/05/2008,10.4937
07/05/2008,10.539
08/05/2008,10.5465
09/05/2008,10.5666
12/05/2008,10.5058
13/05/2008,10.4835
14/05/2008,10.4884
15/05/2008,10.4769
16/05/2008,10.4266
19/05/2008,10.3792
20/05/2008,10.4002
21/05/2008,10.3644
22/05/2008,10.381
23/05/2008,10.4
26/05/2008,10.3848
27/05/2008,10.3925
28/05/2008,10.3447
29/05/2008,10.3066
30/05/2008,10.3306
02/06/2008,10.3417
03/06/2008,10.2992
04/06/2008,10.3211
05/06/2008,10.3108
06/06/2008,10.3582
09/06/2008,10.362
10/06/2008,10.3847
11/06/2008,10.4268
12/06/2008,10.395
13/06/2008,10.3655
16/06/2008,10.3399
17/06/2008,10.3153
18/06/2008,10.2935
19/06/2008,10.3156
20/06/2008,10.2753
23/06/2008,10.3032
24/06/2008,10.318
25/06/2008,10.2938
26/06/2008,10.2841
27/06/2008,10.3028
30/06/2008,10.3069
01/07/2008,10.3908
02/07/2008,10.3722
03/07/2008,10.3692
04/07/2008,10.3411
07/07/2008,10.3263
08/07/2008,10.3363
09/07/2008,10.2993
10/07/2008,10.3076
11/07/2008,10.312
14/07/2008,10.2925
15/07/2008,10.3229
16/07/2008,10.2608
17/07/2008,10.2311
18/07/2008,10.2047
21/07/2008,10.1708
22/07/2008,10.1178
23/07/2008,10.0552
24/07/2008,10.0264
25/07/2008,10.019
28/07/2008,10.0706
29/07/2008,10.061
30/07/2008,10.034
31/07/2008,10.0353
01/08/2008,9.9705
04/08/2008,9.9335
05/08/2008,9.918
06/08/2008,9.9485
07/08/2008,9.9877
08/08/2008,10.1305
11/08/2008,10.1295
12/08/2008,10.159
13/08/2008,10.1968
14/08/2008,10.1586
15/08/2008,10.1966
18/08/2008,10.1395
19/08/2008,10.1867
20/08/2008,10.1343
21/08/2008,10.1106
22/08/2008,10.0991
25/08/2008,10.1183
26/08/2008,10.173
27/08/2008,10.1421
28/08/2008,10.1822
29/08/2008,10.2847
01/09/2008,10.3423
02/09/2008,10.3781
03/09/2008,10.3852
04/09/2008,10.4658
05/09/2008,10.5143
08/09/2008,10.481
09/09/2008,10.5013
10/09/2008,10.5862
11/09/2008,10.6745
12/09/2008,10.5828
15/09/2008,10.7054
17/09/2008,10.8702
18/09/2008,10.8365
19/09/2008,10.6133
22/09/2008,10.5879
23/09/2008,10.7264
24/09/2008,10.7879
25/09/2008,10.7653
26/09/2008,10.7919
29/09/2008,10.9397
30/09/2008,10.9814
01/10/2008,10.9811
02/10/2008,11.1296
03/10/2008,11.1188
06/10/2008,11.7667
07/10/2008,12.1196
08/10/2008,13.0417
09/10/2008,12.4433
10/10/2008,13.0867
13/10/2008,12.3743
14/10/2008,12.345
15/10/2008,12.7192
16/10/2008,13.0633
17/10/2008,12.8475
20/10/2008,12.7617
21/10/2008,13.1233
22/10/2008,13.5592
23/10/2008,13.5025
24/10/2008,13.4
27/10/2008,13.3083
28/10/2008,13.3692
29/10/2008,12.9142
30/10/2008,12.8342
31/10/2008,12.7125
03/11/2008,12.7875
04/11/2008,12.4862
05/11/2008,12.6042
06/11/2008,12.95
07/11/2008,12.8392
10/11/2008,12.785
11/11/2008,12.9892
12/11/2008,13.0875
13/11/2008,13.1663
14/11/2008,13.0242
18/11/2008,13.195
19/11/2008,13.18
20/11/2008,13.5758
21/11/2008,13.9183
24/11/2008,13.4958
25/11/2008,13.3142
26/11/2008,13.2117
27/11/2008,13.2325
28/11/2008,13.3225
01/12/2008,13.58
02/12/2008,13.53
03/12/2008,13.5996
04/12/2008,13.5358
05/12/2008,13.7567
08/12/2008,13.4597
09/12/2008,13.4921
10/12/2008,13.4722
11/12/2008,13.1821
15/12/2008,13.3317
16/12/2008,13.2717
17/12/2008,13.1275
18/12/2008,13.215
19/12/2008,13.1197
22/12/2008,13.1742
23/12/2008,13.2175
24/12/2008,13.3114
26/12/2008,13.3538
29/12/2008,13.5383
30/12/2008,13.7738
31/12/2008,13.8325
02/01/2009,13.7678
05/01/2009,13.5507
06/01/2009,13.3458
07/01/2009,13.4136
08/01/2009,13.5045
09/01/2009,13.7008
12/01/2009,13.7608
13/01/2009,13.839
14/01/2009,14.1083
15/01/2009,14.2192
16/01/2009,13.9058
19/01/2009,13.9777
20/01/2009,13.9382
21/01/2009,13.9145
22/01/2009,13.9325
23/01/2009,14.095
26/01/2009,13.9342
27/01/2009,14.1675
28/01/2009,14.1513
29/01/2009,14.1975
30/01/2009,14.3097
03/02/2009,14.5404
04/02/2009,14.4667
05/02/2009,14.2945
06/02/2009,14.1778
09/02/2009,14.1392
10/02/2009,14.3575
11/02/2009,14.5313
12/02/2009,14.6013
13/02/2009,14.4326
16/02/2009,14.5288
17/02/2009,14.6118
18/02/2009,14.6725
19/02/2009,14.5505
20/02/2009,14.8163
23/02/2009,14.8528
24/02/2009,14.8327
25/02/2009,14.9275
26/02/2009,14.9322
27/02/2009,15.0698
02/03/2009,15.365
03/03/2009,15.3372
04/03/2009,15.2178
05/03/2009,15.2855
06/03/2009,15.2633
09/03/2009,15.3517
10/03/2009,15.3142
11/03/2009,15.1145
12/03/2009,14.9083
13/03/2009,14.569
17/03/2009,14.0502
18/03/2009,14.1457
19/03/2009,14.08
20/03/2009,14.148
23/03/2009,14.3204
24/03/2009,14.2683
25/03/2009,14.2358
26/03/2009,14.2163
27/03/2009,14.3317
30/03/2009,14.3855
31/03/2009,14.1517
01/04/2009,13.9108
02/04/2009,13.7924
03/04/2009,13.6137
06/04/2009,13.6325
07/04/2009,13.5712
08/04/2009,13.3648
13/04/2009,13.0914
14/04/2009,13.086
15/04/2009,13.1683
16/04/2009,13.0511
17/04/2009,13.1558
20/04/2009,13.32
21/04/2009,13.175
22/04/2009,13.1457
23/04/2009,13.3099
24/04/2009,13.2318
27/04/2009,13.755
28/04/2009,13.8667
29/04/2009,13.6485
30/04/2009,13.8443
04/05/2009,13.35
05/05/2009,13.2242
06/05/2009,13.2268
07/05/2009,13.1103
08/05/2009,13.1067
11/05/2009,13.1008
12/05/2009,13.2208
13/05/2009,13.3177
14/05/2009,13.2983
15/05/2009,13.2058
18/05/2009,13.1363
19/05/2009,12.968
20/05/2009,12.8695
21/05/2009,13.103
22/05/2009,13.1728
25/05/2009,13.1375
26/05/2009,13.1338
27/05/2009,13.159
28/05/2009,13.2337
29/05/2009,13.1667
01/06/2009,13.155
02/06/2009,13.2609
03/06/2009,13.3172
04/06/2009,13.2675
05/06/2009,13.2768
08/06/2009,13.45
09/06/2009,13.4793
10/06/2009,13.6507
11/06/2009,13.4581
12/06/2009,13.3997
15/06/2009,13.4523
16/06/2009,13.3525
17/06/2009,13.4698
18/06/2009,13.3694
19/06/2009,13.3248
22/06/2009,13.3782
23/06/2009,13.3187
24/06/2009,13.3051
25/06/2009,13.2778
26/06/2009,13.2023
29/06/2009,13.1812
30/06/2009,13.1722
01/07/2009,13.0972
02/07/2009,13.1695
03/07/2009,13.2428
06/07/2009,13.2547
07/07/2009,13.2724
08/07/2009,13.4333
09/07/2009,13.5758
10/07/2009,13.7052
13/07/2009,13.8105
14/07/2009,13.7645
15/07/2009,13.6526
16/07/2009,13.587
17/07/2009,13.3895
20/07/2009,13.3158
21/07/2009,13.2879
22/07/2009,13.2312
23/07/2009,13.1915
24/07/2009,13.2247
27/07/2009,13.2167
28/07/2009,13.2825
29/07/2009,13.2643
30/07/2009,13.2223
31/07/2009,13.2125
03/08/2009,13.1293
04/08/2009,13.1073
05/08/2009,13.105
06/08/2009,12.9926
07/08/2009,12.9349
10/08/2009,12.922
11/08/2009,12.9937
12/08/2009,12.997
13/08/2009,12.8658
14/08/2009,12.8766
17/08/2009,12.9963
18/08/2009,12.9555
19/08/2009,12.9159
20/08/2009,12.8733
21/08/2009,12.8227
24/08/2009,12.8274
25/08/2009,12.8975
26/08/2009,13.1378
27/08/2009,13.2462
28/08/2009,13.2579
31/08/2009,13.314
01/09/2009,13.5246
02/09/2009,13.6427
03/09/2009,13.5898
04/09/2009,13.4658
07/09/2009,13.3646
08/09/2009,13.2826
09/09/2009,13.3923
10/09/2009,13.4582
11/09/2009,13.3432
14/09/2009,13.3892
15/09/2009,13.3475
17/09/2009,13.23
18/09/2009,13.2413
21/09/2009,13.353
22/09/2009,13.3186
23/09/2009,13.3733
24/09/2009,13.4549
25/09/2009,13.5243
28/09/2009,13.5042
29/09/2009,13.5513
30/09/2009,13.4928
01/10/2009,13.6242
02/10/2009,13.6773
05/10/2009,13.655
06/10/2009,13.4943
07/10/2009,13.4673
08/10/2009,13.3227
09/10/2009,13.255
12/10/2009,13.2178
13/10/2009,13.1774
14/10/2009,13.0779
15/10/2009,13.0884
16/10/2009,13.1057
19/10/2009,13.084
20/10/2009,12.9407
21/10/2009,12.9196
22/10/2009,12.9495
23/10/2009,12.9798
26/10/2009,13.149
27/10/2009,13.2662
28/10/2009,13.2823
29/10/2009,13.0825
30/10/2009,13.1479
03/11/2009,13.2908
04/11/2009,13.2708
05/11/2009,13.343
06/11/2009,13.3758
09/11/2009,13.2996
10/11/2009,13.2308
11/11/2009,13.1622
12/11/2009,13.2061
13/11/2009,13.1012
17/11/2009,13.0875
18/11/2009,12.9818
19/11/2009,13.0502
20/11/2009,13.0895
23/11/2009,13.0151
24/11/2009,12.9305
25/11/2009,12.866
26/11/2009,12.9475
27/11/2009,12.9139
30/11/2009,12.9157
01/12/2009,12.8557
02/12/2009,12.8026
03/12/2009,12.6658
04/12/2009,12.5969
07/12/2009,12.6558
08/12/2009,12.8399
09/12/2009,12.9862
10/12/2009,12.9739
11/12/2009,12.9253
14/12/2009,12.8105
15/12/2009,12.7234
16/12/2009,12.698
17/12/2009,12.9331
18/12/2009,12.8979
21/12/2009,12.8121
22/12/2009,12.9449
23/12/2009,12.8896
24/12/2009,12.8793
28/12/2009,12.9288
29/12/2009,13.0587
30/12/2009,13.0437
31/12/2009,13.0659
04/01/2010,12.9226
05/01/2010,12.8241
06/01/2010,12.7489
07/01/2010,12.7646
08/01/2010,12.7243
11/01/2010,12.6692
12/01/2010,12.7291
13/01/2010,12.7698
14/01/2010,12.7364
15/01/2010,12.6884
18/01/2010,12.6664
19/01/2010,12.6478
20/01/2010,12.7388
21/01/2010,12.772
22/01/2010,12.9412
25/01/2010,12.9018
26/01/2010,12.8549
27/01/2010,12.9295
28/01/2010,12.9975
29/01/2010,13.0098
02/02/2010,12.8699
03/02/2010,12.9395
04/02/2010,13.0687
05/02/2010,13.1753
08/02/2010,13.164
09/02/2010,13.0836
10/02/2010,13.0601
11/02/2010,13.0609
12/02/2010,12.9764
15/02/2010,12.942
16/02/2010,12.8683
17/02/2010,12.8781
18/02/2010,12.8442
19/02/2010,12.8337
22/02/2010,12.8017
23/02/2010,12.8584
24/02/2010,12.8539
25/02/2010,12.8503
26/02/2010,12.7769
01/03/2010,12.7454
02/03/2010,12.7259
03/03/2010,12.69
04/03/2010,12.7182
05/03/2010,12.6557
08/03/2010,12.6618
09/03/2010,12.6574
10/03/2010,12.6028
11/03/2010,12.6192
12/03/2010,12.5527
16/03/2010,12.5254
17/03/2010,12.4892
18/03/2010,12.4729
19/03/2010,12.5796
22/03/2010,12.6052
23/03/2010,12.5284
24/03/2010,12.5381
25/03/2010,12.5009
26/03/2010,12.5426
29/03/2010,12.464
30/03/2010,12.4145
31/03/2010,12.3306
05/04/2010,12.2658
06/04/2010,12.2454
07/04/2010,12.2218
08/04/2010,12.2488
09/04/2010,12.1997
12/04/2010,12.1808
13/04/2010,12.2122
14/04/2010,12.1827
15/04/2010,12.1934
16/04/2010,12.2356
19/04/2010,12.3064
20/04/2010,12.2188
21/04/2010,12.1896
22/04/2010,12.2405
23/04/2010,12.1973
26/04/2010,12.1575
27/04/2010,12.2278
28/04/2010,12.3698
29/04/2010,12.2465
30/04/2010,12.2626
03/05/2010,12.2605
04/05/2010,12.4288
05/05/2010,12.6635
06/05/2010,12.7884
07/05/2010,12.9179
10/05/2010,12.5297
11/05/2010,12.5025
12/05/2010,12.4351
13/05/2010,12.3501
14/05/2010,12.5684
17/05/2010,12.6926
18/05/2010,12.5787
19/05/2010,12.9138
20/05/2010,13.1412
21/05/2010,13.0338
24/05/2010,12.9588
25/05/2010,13.1819
26/05/2010,12.9955
27/05/2010,12.8846
28/05/2010,12.8589
31/05/2010,12.9146
01/06/2010,12.9012
02/06/2010,12.8625
03/06/2010,12.7644
04/06/2010,12.8603
07/06/2010,12.9202
08/06/2010,12.9288
09/06/2010,12.8093
10/06/2010,12.7441
11/06/2010,12.6748
14/06/2010,12.5974
15/06/2010,12.6001
16/06/2010,12.5878
17/06/2010,12.5925
18/06/2010,12.54
21/06/2010,12.4604
22/06/2010,12.5246
23/06/2010,12.6984
24/06/2010,12.7141
25/06/2010,12.7042
28/06/2010,12.6567
29/06/2010,12.8394
30/06/2010,12.8441
01/07/2010,13.0325
02/07/2010,13.059
05/07/2010,13.0953
06/07/2010,12.9308
07/07/2010,12.8975
08/07/2010,12.8232
09/07/2010,12.7859
12/07/2010,12.8233
13/07/2010,12.714
14/07/2010,12.7176
15/07/2010,12.7795
16/07/2010,12.9013
19/07/2010,12.9162
20/07/2010,12.8549
21/07/2010,12.7798
22/07/2010,12.756
23/07/2010,12.7749
26/07/2010,12.6975
27/07/2010,12.6469
28/07/2010,12.6798
29/07/2010,12.7038
30/07/2010,12.6455
02/08/2010,12.5728
03/08/2010,12.6048
04/08/2010,12.5535
05/08/2010,12.5367
06/08/2010,12.655
09/08/2010,12.6461
10/08/2010,12.6927
11/08/2010,12.7432
12/08/2010,12.7258
13/08/2010,12.7256
16/08/2010,12.6458
17/08/2010,12.5944
18/08/2010,12.6073
19/08/2010,12.7226
20/08/2010,12.7683
23/08/2010,12.8492
24/08/2010,12.936
25/08/2010,13.0453
26/08/2010,12.984
27/08/2010,13.0148
30/08/2010,13.1367
31/08/2010,13.1676
01/09/2010,13.0538
02/09/2010,13.055
03/09/2010,12.9526
06/09/2010,12.9395
07/09/2010,13.0566
08/09/2010,13.0034
09/09/2010,12.9853
10/09/2010,12.9616
13/09/2010,12.8729
14/09/2010,12.8355
15/09/2010,12.7793
20/09/2010,12.7623
21/09/2010,12.7594
22/09/2010,12.6886
23/09/2010,12.6422
24/09/2010,12.5491
27/09/2010,12.5168
28/09/2010,12.5011
29/09/2010,12.4801
30/09/2010,12.5998
01/10/2010,12.5511
04/10/2010,12.5875
05/10/2010,12.5099
06/10/2010,12.4779
07/10/2010,12.5277
08/10/2010,12.4895
11/10/2010,12.4224
12/10/2010,12.432
13/10/2010,12.3683
14/10/2010,12.4101
15/10/2010,12.4276
18/10/2010,12.4135
19/10/2010,12.4818
20/10/2010,12.4117
21/10/2010,12.3613
22/10/2010,12.3877
25/10/2010,12.3205
26/10/2010,12.3859
27/10/2010,12.4776
28/10/2010,12.4023
29/10/2010,12.3387
01/11/2010,12.3452
03/11/2010,12.3041
04/11/2010,12.2381
05/11/2010,12.2055
08/11/2010,12.2483
09/11/2010,12.2068
10/11/2010,12.2714
11/11/2010,12.2596
12/11/2010,12.2626
16/11/2010,12.4353
17/11/2010,12.3783
18/11/2010,12.2924
19/11/2010,12.2996
22/11/2010,12.309
23/11/2010,12.4577
24/11/2010,12.3912
25/11/2010,12.3669
26/11/2010,12.489
29/11/2010,12.5538
30/11/2010,12.4664
01/12/2010,12.3967
02/12/2010,12.3546
03/12/2010,12.3597
06/12/2010,12.3884
07/12/2010,12.4123
08/12/2010,12.4484
09/12/2010,12.4586
10/12/2010,12.4617
13/12/2010,12.3869
14/12/2010,12.3703
15/12/2010,12.3963
16/12/2010,12.4505
17/12/2010,12.4345
20/12/2010,12.417
21/12/2010,12.372
22/12/2010,12.3379
23/12/2010,12.3332
24/12/2010,12.3459
27/12/2010,12.3653
28/12/2010,12.3567
29/12/2010,12.3571
30/12/2010,12.3817
31/12/2010,12.3496
03/01/2011,12.2574
04/01/2011,12.2619
05/01/2011,12.2064
06/01/2011,12.2256
07/01/2011,12.2369
10/01/2011,12.2542
11/01/2011,12.1907
12/01/2011,12.0757
13/01/2011,12.1028
14/01/2011,12.0871
17/01/2011,12.0299
18/01/2011,12.0261
19/01/2011,12.0744
20/01/2011,12.0903
21/01/2011,12.0482
24/01/2011,12.0516
25/01/2011,12.0856
26/01/2011,12.0408
27/01/2011,12.0239
28/01/2011,12.1214
31/01/2011,12.1519
01/02/2011,12.017
02/02/2011,12.019
03/02/2011,12.0499
04/02/2011,11.9946
08/02/2011,11.9937
09/02/2011,12.0432
10/02/2011,12.0937
11/02/2011,12.0635
14/02/2011,12.0461
15/02/2011,12.114
16/02/2011,12.0957
17/02/2011,12.0483
18/02/2011,12.0172
21/02/2011,12.0558
22/02/2011,12.0917
23/02/2011,12.19
24/02/2011,12.173
25/02/2011,12.1235
28/02/2011,12.1062
01/03/2011,12.0929
02/03/2011,12.0981
03/03/2011,12.0368
04/03/2011,12.0064
07/03/2011,12.017
08/03/2011,12.0254
09/03/2011,11.968
10/03/2011,11.9755
11/03/2011,11.9441
14/03/2011,11.9235
15/03/2011,12.0171
16/03/2011,12.071
17/03/2011,12.0925
18/03/2011,12.0615
22/03/2011,11.9885
23/03/2011,12.0004
24/03/2011,11.9555
25/03/2011,11.9505
28/03/2011,11.959
29/03/2011,11.9678
30/03/2011,11.9219
31/03/2011,11.9084
01/04/2011,11.8412
04/04/2011,11.8533
05/04/2011,11.8322
06/04/2011,11.7836
07/04/2011,11.7931
08/04/2011,11.7421
11/04/2011,11.7447
12/04/2011,11.8266
13/04/2011,11.7907
14/04/2011,11.7679
15/04/2011,11.709
18/04/2011,11.7783
19/04/2011,11.6925
20/04/2011,11.6252
25/04/2011,11.6294
26/04/2011,11.5824
27/04/2011,11.5868
28/04/2011,11.5428
29/04/2011,11.5278
02/05/2011,11.5023
03/05/2011,11.5665
04/05/2011,11.6214
05/05/2011,11.6934
06/05/2011,11.609
09/05/2011,11.641
10/05/2011,11.6009
11/05/2011,11.6075
12/05/2011,11.6656
13/05/2011,11.7219
16/05/2011,11.7094
17/05/2011,11.766
18/05/2011,11.7234
19/05/2011,11.6588
20/05/2011,11.6467
23/05/2011,11.7292
24/05/2011,11.7032
25/05/2011,11.6948
26/05/2011,11.6956
27/05/2011,11.6256
30/05/2011,11.6123
31/05/2011,11.578
01/06/2011,11.6277
02/06/2011,11.6739
03/06/2011,11.6689
06/06/2011,11.6983
07/06/2011,11.7196
08/06/2011,11.8001
09/06/2011,11.7965
10/06/2011,11.8686
13/06/2011,11.868
14/06/2011,11.7982
15/06/2011,11.8751
16/06/2011,11.9591
17/06/2011,11.9006
20/06/2011,11.8916
21/06/2011,11.813
22/06/2011,11.7789
23/06/2011,11.8816
24/06/2011,11.8822
27/06/2011,11.8938
28/06/2011,11.8389
29/06/2011,11.7748
30/06/2011,11.723
01/07/2011,11.6368
04/07/2011,11.5925
05/07/2011,11.6194
06/07/2011,11.6544
07/07/2011,11.5738
08/07/2011,11.6337
11/07/2011,11.7274
12/07/2011,11.7867
13/07/2011,11.717
14/07/2011,11.701
15/07/2011,11.7178
18/07/2011,11.7877
19/07/2011,11.6964
20/07/2011,11.6638
21/07/2011,11.6174
22/07/2011,11.6393
25/07/2011,11.6641
26/07/2011,11.6172
27/07/2011,11.6527
28/07/2011,11.6821
29/07/2011,11.7425
01/08/2011,11.7514
02/08/2011,11.7657
03/08/2011,11.8473
04/08/2011,11.9523
05/08/2011,11.9794
08/08/2011,12.1845
09/08/2011,12.371
10/08/2011,12.3221
11/08/2011,12.3899
12/08/2011,12.2992
15/08/2011,12.2424
16/08/2011,12.2631
17/08/2011,12.1651
18/08/2011,12.3685
19/08/2011,12.2386
22/08/2011,12.2948
23/08/2011,12.3357
24/08/2011,12.3952
25/08/2011,12.4259
26/08/2011,12.4953
29/08/2011,12.4148
30/08/2011,12.4838
31/08/2011,12.348
01/09/2011,12.2616
02/09/2011,12.3735
05/09/2011,12.5353
06/09/2011,12.5102
07/09/2011,12.4661
08/09/2011,12.4956
09/09/2011,12.6324
12/09/2011,12.7687
13/09/2011,12.8994
14/09/2011,12.9646
15/09/2011,12.9127
19/09/2011,13.186
20/09/2011,13.1669
21/09/2011,13.4045
22/09/2011,13.8917
23/09/2011,13.7788
26/09/2011,13.6677
27/09/2011,13.3414
28/09/2011,13.4217
29/09/2011,13.4567
30/09/2011,13.7994
03/10/2011,13.8967
04/10/2011,13.9714
05/10/2011,13.6675
06/10/2011,13.5341
07/10/2011,13.3143
10/10/2011,13.2751
11/10/2011,13.3266
12/10/2011,13.2213
13/10/2011,13.3647
14/10/2011,13.2711
17/10/2011,13.2952
18/10/2011,13.4445
19/10/2011,13.3733
20/10/2011,13.6628
21/10/2011,13.5996
24/10/2011,13.4889
25/10/2011,13.4459
26/10/2011,13.4914
27/10/2011,13.1973
28/10/2011,13.1132
31/10/2011,13.1802
01/11/2011,13.6282
03/11/2011,13.4128
04/11/2011,13.4698
07/11/2011,13.4504
08/11/2011,13.3852
09/11/2011,13.5252
10/11/2011,13.5622
11/11/2011,13.4165
14/11/2011,13.5122
15/11/2011,13.5672
16/11/2011,13.5847
17/11/2011,13.6375
18/11/2011,13.7033
22/11/2011,13.9812
23/11/2011,14.1291
24/11/2011,14.1778
25/11/2011,14.2443
28/11/2011,14.0344
29/11/2011,13.9538
30/11/2011,13.61
01/12/2011,13.5894
02/12/2011,13.5488
05/12/2011,13.4786
06/12/2011,13.497
07/12/2011,13.5118
08/12/2011,13.6569
09/12/2011,13.6406
13/12/2011,13.7714
14/12/2011,13.9412
15/12/2011,13.823
16/12/2011,13.845
19/12/2011,13.8542
20/12/2011,13.772
21/12/2011,13.8526
22/12/2011,13.8169
23/12/2011,13.8163
26/12/2011,13.8483
27/12/2011,13.9658
28/12/2011,13.9904
29/12/2011,13.9787
30/12/2011,13.9476
02/01/2012,13.9342
03/01/2012,13.6882
04/01/2012,13.7144
05/01/2012,13.7409
06/01/2012,13.7228
09/01/2012,13.7437
10/01/2012,13.6204
11/01/2012,13.6592
12/01/2012,13.5982
13/01/2012,13.6263
16/01/2012,13.5401
17/01/2012,13.4621
18/01/2012,13.3267
19/01/2012,13.2516
20/01/2012,13.224
23/01/2012,13.1383
24/01/2012,13.1712
25/01/2012,13.1319
26/01/2012,12.9325
27/01/2012,12.9504
30/01/2012,13.0063
31/01/2012,13.0077
01/02/2012,12.89
02/02/2012,12.8038
03/02/2012,12.712
07/02/2012,12.6472
08/02/2012,12.6833
09/02/2012,12.72
10/02/2012,12.7857
13/02/2012,12.7392
14/02/2012,12.7753
15/02/2012,12.7658
16/02/2012,12.8822
17/02/2012,12.7856
20/02/2012,12.6793
21/02/2012,12.7408
22/02/2012,12.8296
23/02/2012,12.8294
24/02/2012,12.8675
27/02/2012,12.8779
28/02/2012,12.8575
29/02/2012,12.7891
01/03/2012,12.7764
02/03/2012,12.7723
05/03/2012,12.8339
06/03/2012,12.9777
07/03/2012,12.9469
08/03/2012,12.784
09/03/2012,12.6299
12/03/2012,12.715
13/03/2012,12.6336
14/03/2012,12.6719
15/03/2012,12.6591
16/03/2012,12.6645
20/03/2012,12.6935
21/03/2012,12.6833
22/03/2012,12.833
23/03/2012,12.8035
26/03/2012,12.6795
27/03/2012,12.6706
28/03/2012,12.8039
29/03/2012,12.8489
30/03/2012,12.8093
02/04/2012,12.7691
03/04/2012,12.7317
04/04/2012,12.8155
09/04/2012,12.9902
10/04/2012,13.1568
11/04/2012,13.1324
12/04/2012,13.0736
13/04/2012,13.1458
16/04/2012,13.2168
17/04/2012,13.0816
18/04/2012,13.1322
19/04/2012,13.2288
20/04/2012,13.1171
23/04/2012,13.2087
24/04/2012,13.1392
25/04/2012,13.1667
26/04/2012,13.2093
27/04/2012,13.0141
30/04/2012,12.9942
02/05/2012,12.9629
03/05/2012,12.9725
04/05/2012,13.1344
07/05/2012,13.1659
08/05/2012,13.3374
09/05/2012,13.515
10/05/2012,13.447
11/05/2012,13.4929
14/05/2012,13.6739
15/05/2012,13.7302
16/05/2012,13.7747
17/05/2012,13.7994
18/05/2012,13.7809
21/05/2012,13.7935
22/05/2012,13.7203
23/05/2012,14.0335
24/05/2012,14.004
25/05/2012,14.0156
28/05/2012,13.9439
29/05/2012,13.9169
30/05/2012,14.0749
31/05/2012,14.3047
01/06/2012,14.3949
04/06/2012,14.2443
05/06/2012,14.2319
06/06/2012,14.1116
07/06/2012,13.9355
08/06/2012,14.0351
11/06/2012,13.9625
12/06/2012,14.006
13/06/2012,13.97
14/06/2012,13.9974
15/06/2012,13.9115
18/06/2012,13.9154
19/06/2012,13.7033
20/06/2012,13.7257
21/06/2012,13.7668
22/06/2012,13.849
25/06/2012,13.9542
26/06/2012,13.8616
27/06/2012,13.6652
28/06/2012,13.653
29/06/2012,13.4084
02/07/2012,13.397
03/07/2012,13.3174
04/07/2012,13.3617
05/07/2012,13.3508
06/07/2012,13.4925
09/07/2012,13.4533
10/07/2012,13.2924
11/07/2012,13.3241
12/07/2012,13.4795
13/07/2012,13.3449
16/07/2012,13.2832
17/07/2012,13.2226
18/07/2012,13.1201
19/07/2012,13.1921
20/07/2012,13.2928
23/07/2012,13.5218
24/07/2012,13.6796
25/07/2012,13.6541
26/07/2012,13.4425
27/07/2012,13.2837
30/07/2012,13.2644
31/07/2012,13.2833
01/08/2012,13.2867
02/08/2012,13.3927
03/08/2012,13.1357
06/08/2012,13.0708
07/08/2012,13.1849
08/08/2012,13.1891
09/08/2012,13.1188
10/08/2012,13.1094
13/08/2012,13.1474
14/08/2012,13.1311
15/08/2012,13.1639
16/08/2012,13.143
17/08/2012,13.1745
20/08/2012,13.1261
21/08/2012,13.0854
22/08/2012,13.1762
23/08/2012,13.1284
24/08/2012,13.176
27/08/2012,13.1703
28/08/2012,13.1847
29/08/2012,13.2746
30/08/2012,13.4172
31/08/2012,13.2571
03/09/2012,13.191
04/09/2012,13.1793
05/09/2012,13.1221
06/09/2012,13.0483
07/09/2012,12.9976
10/09/2012,12.9921
11/09/2012,12.9992
12/09/2012,13.0305
13/09/2012,12.9749
14/09/2012,12.7458
17/09/2012,12.7492
18/09/2012,12.8192
19/09/2012,12.8235
20/09/2012,12.9042
21/09/2012,12.8376
24/09/2012,12.9123
25/09/2012,12.8233
26/09/2012,12.917
27/09/2012,12.8521
28/09/2012,12.8695
01/10/2012,12.8178
02/10/2012,12.8375
03/10/2012,12.8528
04/10/2012,12.7589
05/10/2012,12.6987
08/10/2012,12.8426
09/10/2012,12.868
10/10/2012,12.9119
11/10/2012,12.8792
12/10/2012,12.8901
15/10/2012,12.8188
16/10/2012,12.8077
17/10/2012,12.7981
18/10/2012,12.8299
19/10/2012,12.8551
22/10/2012,12.8571
23/10/2012,12.9759
24/10/2012,12.9839
25/10/2012,12.9669
26/10/2012,13.0112
29/10/2012,13.09
30/10/2012,13.0498
31/10/2012,13.0911
01/11/2012,13.0387
05/11/2012,13.0449
06/11/2012,12.9769
07/11/2012,13.0432
08/11/2012,13.1168
09/11/2012,13.1789
12/11/2012,13.1975
13/11/2012,13.2284
14/11/2012,13.2353
15/11/2012,13.2522
16/11/2012,13.2063
20/11/2012,13.0245
21/11/2012,13.0395
22/11/2012,13.0188
23/11/2012,12.9799
26/11/2012,12.9984
27/11/2012,12.9861
28/11/2012,13.0372
29/11/2012,12.9617
30/11/2012,12.9268
03/12/2012,12.9335
04/12/2012,12.96
05/12/2012,12.9284
06/12/2012,12.9102
07/12/2012,12.8469
10/12/2012,12.7964
11/12/2012,12.7584
13/12/2012,12.7869
14/12/2012,12.7768
17/12/2012,12.7624
18/12/2012,12.7236
19/12/2012,12.7327
20/12/2012,12.7777
21/12/2012,12.8991
24/12/2012,12.9764
26/12/2012,13.0058
27/12/2012,13.0101
28/12/2012,12.988
31/12/2012,12.9658
02/01/2013,12.7488
03/01/2013,12.743
04/01/2013,12.7597
07/01/2013,12.7679
08/01/2013,12.8015
09/01/2013,12.7503
10/01/2013,12.6555
11/01/2013,12.6478
14/01/2013,12.6533
15/01/2013,12.6526
16/01/2013,12.6305
17/01/2013,12.5868
18/01/2013,12.6555
21/01/2013,12.7098
22/01/2013,12.6817
23/01/2013,12.6616
24/01/2013,12.6286
25/01/2013,12.6993
28/01/2013,12.7802
29/01/2013,12.7134
30/01/2013,12.7408
31/01/2013,12.7094
01/02/2013,12.6377
05/02/2013,12.6294
06/02/2013,12.6664
07/02/2013,12.7105
08/02/2013,12.7307
11/02/2013,12.7706
12/02/2013,12.7364
13/02/2013,12.7116
14/02/2013,12.6982
15/02/2013,12.6866
18/02/2013,12.6959
19/02/2013,12.6873
20/02/2013,12.6694
21/02/2013,12.7699
22/02/2013,12.7517
25/02/2013,12.7028
26/02/2013,12.868
27/02/2013,12.8322
28/02/2013,12.7795
01/03/2013,12.8012
04/03/2013,12.7814
05/03/2013,12.7355
06/03/2013,12.7345
07/03/2013,12.7839
08/03/2013,12.6684
11/03/2013,12.5308
12/03/2013,12.4641
13/03/2013,12.3967
14/03/2013,12.4545
15/03/2013,12.439
19/03/2013,12.4339
20/03/2013,12.3909
21/03/2013,12.3841
22/03/2013,12.3724
25/03/2013,12.3579
26/03/2013,12.3546
27/03/2013,12.3612
01/04/2013,12.3438
02/04/2013,12.2728
03/04/2013,12.3266
04/04/2013,12.3197
05/04/2013,12.2383
08/04/2013,12.1588
09/04/2013,12.1304
10/04/2013,12.114
11/04/2013,12.0691
12/04/2013,12.0824
15/04/2013,12.1729
16/04/2013,12.1668
17/04/2013,12.237
18/04/2013,12.2479
19/04/2013,12.2254
22/04/2013,12.3227
23/04/2013,12.2492
24/04/2013,12.2768
25/04/2013,12.1231
26/04/2013,12.155
29/04/2013,12.1326
30/04/2013,12.1456
02/05/2013,12.1756
03/05/2013,12.0851
06/05/2013,12.1074
07/05/2013,12.0733
08/05/2013,12.0393
09/05/2013,11.9807
10/05/2013,12.1094
13/05/2013,12.1448
14/05/2013,12.1485
15/05/2013,12.2313
16/05/2013,12.2378
17/05/2013,12.3177
20/05/2013,12.3258
21/05/2013,12.3414
22/05/2013,12.3113
23/05/2013,12.4764
24/05/2013,12.5219
27/05/2013,12.4831
28/05/2013,12.5275
29/05/2013,12.6328
30/05/2013,12.7781
31/05/2013,12.8035
03/06/2013,12.7882
04/06/2013,12.7317
05/06/2013,12.8167
06/06/2013,12.9079
07/06/2013,12.7173
10/06/2013,12.8572
11/06/2013,12.8846
12/06/2013,12.8442
13/06/2013,12.7812
14/06/2013,12.6916
17/06/2013,12.737
18/06/2013,12.88
19/06/2013,12.8695
20/06/2013,13.4015
21/06/2013,13.4041
24/06/2013,13.3966
25/06/2013,13.2424
26/06/2013,13.1884
27/06/2013,13.0235
28/06/2013,13.0279
01/07/2013,12.9131
02/07/2013,12.985
03/07/2013,13.0377
04/07/2013,12.8902
05/07/2013,13.0567
08/07/2013,12.9267
09/07/2013,12.8654
10/07/2013,12.9494
11/07/2013,12.8599
12/07/2013,12.8234
15/07/2013,12.7387
16/07/2013,12.6299
17/07/2013,12.5455
18/07/2013,12.4976
19/07/2013,12.5499
22/07/2013,12.5054
23/07/2013,12.5093
24/07/2013,12.633
25/07/2013,12.6468
26/07/2013,12.7091
29/07/2013,12.7321
30/07/2013,12.7635
31/07/2013,12.8464
01/08/2013,12.8068
02/08/2013,12.6904
05/08/2013,12.6759
06/08/2013,12.6445
07/08/2013,12.6989
08/08/2013,12.646
09/08/2013,12.5889
12/08/2013,12.5666
13/08/2013,12.7545
14/08/2013,12.7255
15/08/2013,12.8625
16/08/2013,12.8722
19/08/2013,13.0124
20/08/2013,13.0064
21/08/2013,13.1424
22/08/2013,13.1486
23/08/2013,12.9979
26/08/2013,13.109
27/08/2013,13.3366
28/08/2013,13.2539
29/08/2013,13.3104
30/08/2013,13.3415
02/09/2013,13.307
03/09/2013,13.4394
04/09/2013,13.3065
05/09/2013,13.4079
06/09/2013,13.2413
09/09/2013,13.1471
10/09/2013,13.1119
11/09/2013,13.0938
12/09/2013,13.0854
13/09/2013,13.054
17/09/2013,12.9241
18/09/2013,12.9687
19/09/2013,12.7179
20/09/2013,12.7685
23/09/2013,12.7846
24/09/2013,12.8754
25/09/2013,12.953
26/09/2013,13.0119
27/09/2013,13.145
30/09/2013,13.1747
01/10/2013,13.1294
02/10/2013,13.1593
03/10/2013,13.2663
04/10/2013,13.0976
07/10/2013,13.0959
08/10/2013,13.1417
09/10/2013,13.2126
10/10/2013,13.0913
11/10/2013,13.0514
14/10/2013,13.0492
15/10/2013,12.9725
16/10/2013,12.8816
17/10/2013,12.7717
18/10/2013,12.7988
21/10/2013,12.9314
22/10/2013,12.8713
23/10/2013,12.9433
24/10/2013,12.9916
25/10/2013,12.8693
28/10/2013,12.8948
29/10/2013,12.8903
30/10/2013,12.864
31/10/2013,13.0067
01/11/2013,13.0789
04/11/2013,12.9869
05/11/2013,13.1341
06/11/2013,13.1388
07/11/2013,13.1912
08/11/2013,13.2412
11/11/2013,13.2314
12/11/2013,13.1879
13/11/2013,13.103
14/11/2013,13.0173
15/11/2013,12.9524
19/11/2013,12.8869
20/11/2013,12.9697
21/11/2013,13.0617
22/11/2013,13.0223
25/11/2013,13.0267
26/11/2013,13.0745
27/11/2013,13.0925
28/11/2013,13.0836
29/11/2013,13.1101
02/12/2013,13.2041
03/12/2013,13.2372
04/12/2013,13.0826
05/12/2013,13.0057
06/12/2013,12.9299
09/12/2013,12.8612
10/12/2013,12.8574
11/12/2013,12.9342
13/12/2013,12.9515
16/12/2013,12.9439
17/12/2013,12.9575
18/12/2013,12.9937
19/12/2013,12.973
20/12/2013,12.9574
23/12/2013,12.961
24/12/2013,13.02
26/12/2013,13.0547
27/12/2013,13.0765
30/12/2013,13.0652
31/12/2013,13.0843
02/01/2014,13.1011
03/01/2014,13.0911
06/01/2014,13.0905
07/01/2014,13.0337
08/01/2014,13.0846
09/01/2014,13.1403
10/01/2014,13.0065
13/01/2014,12.9889
14/01/2014,13.0956
15/01/2014,13.1689
16/01/2014,13.2907
17/01/2014,13.2737
20/01/2014,13.242
21/01/2014,13.2984
22/01/2014,13.3194
23/01/2014,13.3722
24/01/2014,13.493
27/01/2014,13.4408
28/01/2014,13.3104
29/01/2014,13.3671
30/01/2014,13.3207
31/01/2014,13.3769
04/02/2014,13.3928
05/02/2014,13.3705
06/02/2014,13.2211
07/02/2014,13.3285
10/02/2014,13.3134
11/02/2014,13.2916
12/02/2014,13.3056
13/02/2014,13.332
14/02/2014,13.2477
17/02/2014,13.1949
18/02/2014,13.2261
19/02/2014,13.2714
20/02/2014,13.2913
21/02/2014,13.2704
24/02/2014,13.209
25/02/2014,13.2248
26/02/2014,13.2992
27/02/2014,13.3066
28/02/2014,13.2379
03/03/2014,13.3201
04/03/2014,13.2752
05/03/2014,13.2519
06/03/2014,13.1476
07/03/2014,13.1795
10/03/2014,13.2248
11/03/2014,13.243
12/03/2014,13.2659
13/03/2014,13.2456
14/03/2014,13.234
18/03/2014,13.1675
19/03/2014,13.1695
20/03/2014,13.2703
21/03/2014,13.22
24/03/2014,13.2019
25/03/2014,13.1349
26/03/2014,13.1273
27/03/2014,13.0837
28/03/2014,13.0841
31/03/2014,13.0549
01/04/2014,13.0313
02/04/2014,13.0991
03/04/2014,13.1324
04/04/2014,13.0345
07/04/2014,13.0179
08/04/2014,12.9642
09/04/2014,13.0604
10/04/2014,13.0453
11/04/2014,13.0788
14/04/2014,13.0493
15/04/2014,13.0986
16/04/2014,13.0603
21/04/2014,13.0413
22/04/2014,13.0448
23/04/2014,13.0908
24/04/2014,13.101
25/04/2014,13.1371
28/04/2014,13.1356
29/04/2014,13.1039
30/04/2014,13.0901
02/05/2014,12.9981
05/05/2014,13.0102
06/05/2014,13.0129
07/05/2014,12.9876
08/05/2014,12.9477
09/05/2014,12.9843
12/05/2014,12.9534
13/05/2014,12.9234
14/05/2014,12.8993
15/05/2014,12.9755
16/05/2014,12.9193
19/05/2014,12.8944
20/05/2014,12.9425
21/05/2014,12.9132
22/05/2014,12.8801
23/05/2014,12.8656
26/05/2014,12.8616
27/05/2014,12.8772
28/05/2014,12.866
29/05/2014,12.8462
30/05/2014,12.8609
02/06/2014,12.9108
03/06/2014,12.9447
04/06/2014,12.9527
05/06/2014,12.8868
06/06/2014,12.8981
09/06/2014,12.9912
10/06/2014,13.0486
11/06/2014,13.0306
12/06/2014,12.9815
13/06/2014,13.0164
16/06/2014,13.0323
17/06/2014,13.1007
18/06/2014,13.0672
19/06/2014,12.9885
20/06/2014,13.0124
23/06/2014,13.0056
24/06/2014,13.0218
25/06/2014,13.0174
26/06/2014,13.0323
27/06/2014,13.0002
30/06/2014,12.9712
01/07/2014,12.9605
02/07/2014,12.9673
03/07/2014,12.9829
04/07/2014,12.9768
07/07/2014,12.9949
08/07/2014,13.0006
09/07/2014,12.978
10/07/2014,13.0015
11/07/2014,12.985
14/07/2014,12.9755
15/07/2014,12.9611
16/07/2014,12.939
17/07/2014,12.9454
18/07/2014,12.9588
21/07/2014,12.9751
22/07/2014,12.9393
23/07/2014,12.9286
24/07/2014,12.9572
25/07/2014,12.9445
28/07/2014,12.9878
29/07/2014,13.0578
30/07/2014,13.1357
31/07/2014,13.2269
01/08/2014,13.1932
04/08/2014,13.1962
05/08/2014,13.2716
06/08/2014,13.258
07/08/2014,13.2551
08/08/2014,13.236
11/08/2014,13.1998
12/08/2014,13.159
13/08/2014,13.1113
14/08/2014,13.0717
15/08/2014,13.0748
18/08/2014,13.0505
19/08/2014,13.0532
20/08/2014,13.0814
21/08/2014,13.0963
22/08/2014,13.1328
25/08/2014,13.1383
26/08/2014,13.1059
27/08/2014,13.0811
28/08/2014,13.1109
29/08/2014,13.0763
01/09/2014,13.0833
02/09/2014,13.1299
03/09/2014,13.0892
04/09/2014,13.0959
05/09/2014,13.0788
08/09/2014,13.0813
09/09/2014,13.2162
10/09/2014,13.2144
11/09/2014,13.2144
12/09/2014,13.2644
15/09/2014,13.2223
17/09/2014,13.1762
18/09/2014,13.2402
19/09/2014,13.2369
22/09/2014,13.2566
23/09/2014,13.2768
24/09/2014,13.3015
25/09/2014,13.3848
26/09/2014,13.4541
29/09/2014,13.4891
30/09/2014,13.433
01/10/2014,13.4455
02/10/2014,13.4026
03/10/2014,13.4835
06/10/2014,13.4089
07/10/2014,13.4332
08/10/2014,13.4786
09/10/2014,13.3789
10/10/2014,13.4331
13/10/2014,13.4203
14/10/2014,13.4094
15/10/2014,13.5423
16/10/2014,13.5616
17/10/2014,13.5231
20/10/2014,13.5357
21/10/2014,13.4989
22/10/2014,13.5559
23/10/2014,13.5288
24/10/2014,13.5263
27/10/2014,13.5701
28/10/2014,13.4843
29/10/2014,13.4239
30/10/2014,13.4316
31/10/2014,13.4773
03/11/2014,13.5503
04/11/2014,13.5925
05/11/2014,13.607
06/11/2014,13.6173
07/11/2014,13.5573
10/11/2014,13.5528
11/11/2014,13.5874
12/11/2014,13.5613
13/11/2014,13.5995
14/11/2014,13.5348
18/11/2014,13.5445
19/11/2014,13.6146
20/11/2014,13.6115
21/11/2014,13.6152
24/11/2014,13.6374
25/11/2014,13.642
26/11/2014,13.7219
27/11/2014,13.7667
28/11/2014,13.8965
01/12/2014,13.9262
02/12/2014,14.076
03/12/2014,14.0918
04/12/2014,14.1165
05/12/2014,14.3045
08/12/2014,14.4042
09/12/2014,14.3674
10/12/2014,14.5181
11/12/2014,14.6648
15/12/2014,14.7853
16/12/2014,14.7499
17/12/2014,14.6028
18/12/2014,14.5562
19/12/2014,14.6378
22/12/2014,14.6359
23/12/2014,14.7008
24/12/2014,14.7429
26/12/2014,14.6955
29/12/2014,14.718
30/12/2014,14.7348
31/12/2014,14.7414
02/01/2015,14.829
05/01/2015,14.9469
06/01/2015,14.8479
07/01/2015,14.7936
08/01/2015,14.6274
09/01/2015,14.5804
12/01/2015,14.6398
13/01/2015,14.5559
14/01/2015,14.5644
15/01/2015,14.5821
16/01/2015,14.6223
19/01/2015,14.6524
20/01/2015,14.6484
21/01/2015,14.6983
22/01/2015,14.612
23/01/2015,14.6499
26/01/2015,14.5887
27/01/2015,14.5872
28/01/2015,14.6878
29/01/2015,14.8414
30/01/2015,14.9885
03/02/2015,14.7566
04/02/2015,14.8011
05/02/2015,14.7548
06/02/2015,14.9024
09/02/2015,14.8014
10/02/2015,14.9309
11/02/2015,15.1099
12/02/2015,14.9167
13/02/2015,14.8605
16/02/2015,14.8979
17/02/2015,14.8971
18/02/2015,14.9473
19/02/2015,14.9583
20/02/2015,15.0757
23/02/2015,15.0832
24/02/2015,14.9712
25/02/2015,14.9228
26/02/2015,14.9624
27/02/2015,14.9553
02/03/2015,14.9862
03/03/2015,14.9544
04/03/2015,15.0756
05/03/2015,15.1686
06/03/2015,15.4445
09/03/2015,15.4544
10/03/2015,15.5837
11/03/2015,15.4455
12/03/2015,15.4003
13/03/2015,15.4892
17/03/2015,15.4271
18/03/2015,15.4192
19/03/2015,15.296
20/03/2015,15.0317
23/03/2015,14.9644
24/03/2015,14.9347
25/03/2015,14.9524
26/03/2015,15.1056
27/03/2015,15.1542
30/03/2015,15.2427
31/03/2015,15.2647
01/04/2015,15.1206
06/04/2015,14.8003
07/04/2015,14.9039
08/04/2015,14.9072
09/04/2015,15.0554
10/04/2015,15.1706
13/04/2015,15.2947
14/04/2015,15.2339
15/04/2015,15.3891
16/04/2015,15.2455
17/04/2015,15.3128
20/04/2015,15.3973
21/04/2015,15.3837
22/04/2015,15.4518
23/04/2015,15.3539
24/04/2015,15.3834
27/04/2015,15.3213
28/04/2015,15.2225
29/04/2015,15.2043
30/04/2015,15.3714
04/05/2015,15.494
05/05/2015,15.3225
06/05/2015,15.2825
07/05/2015,15.3397
08/05/2015,15.1424
11/05/2015,15.2624
12/05/2015,15.3211
13/05/2015,15.2213
14/05/2015,15.1235
15/05/2015,15.0225
18/05/2015,15.12
19/05/2015,15.2008
20/05/2015,15.212
21/05/2015,15.2326
22/05/2015,15.2918
25/05/2015,15.2635
26/05/2015,15.3235
27/05/2015,15.3581
28/05/2015,15.3737
29/05/2015,15.3815
01/06/2015,15.4845
02/06/2015,15.4128
03/06/2015,15.4833
04/06/2015,15.5347
05/06/2015,15.6958
08/06/2015,15.6715
09/06/2015,15.5645
10/06/2015,15.4779
11/06/2015,15.4409
12/06/2015,15.4129
15/06/2015,15.4327
16/06/2015,15.4192
17/06/2015,15.4199
18/06/2015,15.2828
19/06/2015,15.3274
22/06/2015,15.3072
23/06/2015,15.4088
24/06/2015,15.4555
25/06/2015,15.4816
26/06/2015,15.5676
29/06/2015,15.6599
30/06/2015,15.6854
01/07/2015,15.7829
02/07/2015,15.6821
03/07/2015,15.6918
06/07/2015,15.753
07/07/2015,15.8281
08/07/2015,15.8174
09/07/2015,15.7856
10/07/2015,15.7329
13/07/2015,15.7404
14/07/2015,15.6728
15/07/2015,15.747
16/07/2015,15.8014
17/07/2015,15.9121
20/07/2015,15.9856
21/07/2015,15.9728
22/07/2015,16.095
23/07/2015,16.0988
24/07/2015,16.2364
27/07/2015,16.2681
28/07/2015,16.2638
29/07/2015,16.214
30/07/2015,16.4512
31/07/2015,16.0772
03/08/2015,16.1129
04/08/2015,16.1736
05/08/2015,16.3762
06/08/2015,16.3533
07/08/2015,16.1645
10/08/2015,16.1652
11/08/2015,16.3241
12/08/2015,16.2976
13/08/2015,16.3541
14/08/2015,16.3658
17/08/2015,16.3993
18/08/2015,16.4317
19/08/2015,16.4908
20/08/2015,16.7182
21/08/2015,16.9171
24/08/2015,17.0975
25/08/2015,16.9859
26/08/2015,17.1065
27/08/2015,16.8863
28/08/2015,16.7684
31/08/2015,16.7829
01/09/2015,16.8692
02/09/2015,16.9444
03/09/2015,16.7918
04/09/2015,16.8454
07/09/2015,16.988
08/09/2015,16.7979
09/09/2015,16.7773
10/09/2015,16.8103
11/09/2015,16.8261
14/09/2015,16.8168
15/09/2015,16.7716
17/09/2015,16.568
18/09/2015,16.539
21/09/2015,16.6865
22/09/2015,16.8713
23/09/2015,17.0453
24/09/2015,17.1149
25/09/2015,16.9595
28/09/2015,17.0073
29/09/2015,17.0771
30/09/2015,16.9053
01/10/2015,16.8566
02/10/2015,16.8162
05/10/2015,16.6941
06/10/2015,16.6878
07/10/2015,16.5762
08/10/2015,16.5464
09/10/2015,16.418
12/10/2015,16.4219
13/10/2015,16.5848
14/10/2015,16.5804
15/10/2015,16.425
16/10/2015,16.3959
19/10/2015,16.4899
20/10/2015,16.5618
21/10/2015,16.66
22/10/2015,16.5284
23/10/2015,16.5138
26/10/2015,16.4998
27/10/2015,16.5545
28/10/2015,16.4503
29/10/2015,16.6219
30/10/2015,16.5244
03/11/2015,16.4196
04/11/2015,16.5147
05/11/2015,16.5959
06/11/2015,16.8382
09/11/2015,16.87
10/11/2015,16.7658
11/11/2015,16.7173
12/11/2015,16.7406
13/11/2015,16.7395
17/11/2015,16.757
18/11/2015,16.7636
19/11/2015,16.5748
20/11/2015,16.512
23/11/2015,16.5306
24/11/2015,16.4705
25/11/2015,16.5548
26/11/2015,16.5492
27/11/2015,16.5784
30/11/2015,16.5856
01/12/2015,16.5104
02/12/2015,16.5933
03/12/2015,16.7095
04/12/2015,16.6757
07/12/2015,16.9044
08/12/2015,17.0164
09/12/2015,17.016
10/12/2015,17.075
11/12/2015,17.3592
14/12/2015,17.3776
15/12/2015,17.1529
16/12/2015,17.136
17/12/2015,17.1
18/12/2015,17.0139
21/12/2015,17.1034
22/12/2015,17.1847
23/12/2015,17.1953
24/12/2015,17.276
28/12/2015,17.271
29/12/2015,17.2065
30/12/2015,17.3398
31/12/2015,17.2487
04/01/2016,17.3529
05/01/2016,17.3456
06/01/2016,17.4411
07/01/2016,17.6568
08/01/2016,17.9283
11/01/2016,17.9304
12/01/2016,17.9119
13/01/2016,17.85
14/01/2016,17.9121
15/01/2016,18.2108
18/01/2016,18.2327
19/01/2016,18.1947
20/01/2016,18.608
21/01/2016,18.5084
22/01/2016,18.428
25/01/2016,18.5352
26/01/2016,18.4715
27/01/2016,18.453
28/01/2016,18.2906
29/01/2016,18.1935
02/02/2016,18.4902
03/02/2016,18.4537
04/02/2016,18.1891
05/02/2016,18.3748
08/02/2016,18.6959
09/02/2016,18.7818
10/02/2016,18.8089
11/02/2016,19.1754
12/02/2016,19.0392
15/02/2016,18.8471
16/02/2016,18.8148
17/02/2016,18.3895
18/02/2016,18.1439
19/02/2016,18.2762
22/02/2016,18.0568
23/02/2016,18.1948
24/02/2016,18.2893
25/02/2016,18.168
26/02/2016,18.1706
29/02/2016,18.102
01/03/2016,17.9432
02/03/2016,17.8561
03/03/2016,17.8971
04/03/2016,17.7723
07/03/2016,17.7526
08/03/2016,17.9044
09/03/2016,17.7523
10/03/2016,17.8601
11/03/2016,17.7002
14/03/2016,17.7691
15/03/2016,17.926
16/03/2016,17.9308
17/03/2016,17.4034
18/03/2016,17.2995
22/03/2016,17.3361
23/03/2016,17.5273
28/03/2016,17.461
29/03/2016,17.4015
30/03/2016,17.2509
31/03/2016,17.237
01/04/2016,17.3338
04/04/2016,17.4484
05/04/2016,17.7252
06/04/2016,17.7286
07/04/2016,17.893
08/04/2016,17.7391
11/04/2016,17.6452
12/04/2016,17.5719
13/04/2016,17.49
14/04/2016,17.388
15/04/2016,17.5669
18/04/2016,17.4598
19/04/2016,17.2825
20/04/2016,17.3078
21/04/2016,17.4202
22/04/2016,17.4359
25/04/2016,17.5866
26/04/2016,17.4298
27/04/2016,17.3993
28/04/2016,17.2125
29/04/2016,17.1767
02/05/2016,17.2279
03/05/2016,17.5234
04/05/2016,17.7358
05/05/2016,17.7866
06/05/2016,17.9204
09/05/2016,18.1033
10/05/2016,18.0205
11/05/2016,17.9549
12/05/2016,17.9915
13/05/2016,18.1562
16/05/2016,18.1795
17/05/2016,18.3217
18/05/2016,18.3761
19/05/2016,18.5465
20/05/2016,18.3826
23/05/2016,18.4444
24/05/2016,18.4694
25/05/2016,18.452
26/05/2016,18.4572
27/05/2016,18.4527
30/05/2016,18.4777
31/05/2016,18.4118
01/06/2016,18.5299
02/06/2016,18.6097
03/06/2016,18.6283
06/06/2016,18.5889
07/06/2016,18.5067
08/06/2016,18.1491
09/06/2016,18.2742
10/06/2016,18.5046
13/06/2016,18.7915
14/06/2016,18.9814
15/06/2016,18.8672
16/06/2016,18.9968
17/06/2016,18.8527
20/06/2016,18.6559
21/06/2016,18.6444
22/06/2016,18.5325
23/06/2016,18.3207
24/06/2016,18.8716
27/06/2016,19.1283
28/06/2016,18.9113
29/06/2016,18.555
30/06/2016,18.4646
01/07/2016,18.309
04/07/2016,18.3858
05/07/2016,18.7536
06/07/2016,18.8161
07/07/2016,18.8607
08/07/2016,18.5991
11/07/2016,18.4597
12/07/2016,18.3006
13/07/2016,18.3937
14/07/2016,18.3061
15/07/2016,18.492
18/07/2016,18.4879
19/07/2016,18.5719
20/07/2016,18.5729
21/07/2016,18.6022
22/07/2016,18.6089
25/07/2016,18.7569
26/07/2016,18.8114
27/07/2016,18.8602
28/07/2016,18.8979
29/07/2016,18.7837
01/08/2016,18.8504
02/08/2016,18.8966
03/08/2016,18.9117
04/08/2016,18.8612
05/08/2016,18.8691
08/08/2016,18.5716
09/08/2016,18.3842
10/08/2016,18.3479
11/08/2016,18.2678
12/08/2016,18.2455
15/08/2016,18.0363
16/08/2016,17.9869
17/08/2016,18.2598
18/08/2016,18.0832
19/08/2016,18.2674
22/08/2016,18.3023
23/08/2016,18.3202
24/08/2016,18.4971
25/08/2016,18.446
26/08/2016,18.283
29/08/2016,18.5773
30/08/2016,18.7953
31/08/2016,18.8611
01/09/2016,18.8523
02/09/2016,18.6589
05/09/2016,18.5581
06/09/2016,18.3524
07/09/2016,18.3689
08/09/2016,18.5427
09/09/2016,18.8451
12/09/2016,19.0646
13/09/2016,19.152
14/09/2016,19.2275
15/09/2016,19.2514
19/09/2016,19.6097
20/09/2016,19.777
21/09/2016,19.8394
22/09/2016,19.5965
23/09/2016,19.7211
26/09/2016,19.8322
27/09/2016,19.5044
28/09/2016,19.5002
29/09/2016,19.4086
30/09/2016,19.3776
03/10/2016,19.3211
04/10/2016,19.2138
05/10/2016,19.2554
06/10/2016,19.2433
07/10/2016,19.2994
10/10/2016,18.8786
11/10/2016,18.9531
12/10/2016,18.9622
13/10/2016,19.0399
14/10/2016,19.0046
17/10/2016,18.8723
18/10/2016,18.6726
19/10/2016,18.5894
20/10/2016,18.5945
21/10/2016,18.6481
24/10/2016,18.5658
25/10/2016,18.5147
26/10/2016,18.6485
27/10/2016,18.8443
28/10/2016,18.7304
31/10/2016,18.8887
01/11/2016,19.1306
03/11/2016,19.2014
04/11/2016,19.0792
07/11/2016,18.6192
08/11/2016,18.5089
09/11/2016,19.925
10/11/2016,20.4812
11/11/2016,21.0511
14/11/2016,20.8729
15/11/2016,20.349
16/11/2016,20.2884
17/11/2016,20.1898
18/11/2016,20.4193
22/11/2016,20.5205
23/11/2016,20.6901
24/11/2016,20.7051
25/11/2016,20.6475
28/11/2016,20.5521
29/11/2016,20.6225
30/11/2016,20.5155
01/12/2016,20.7488
02/12/2016,20.6149
05/12/2016,20.5927
06/12/2016,20.3863
07/12/2016,20.2967
08/12/2016,20.4162
09/12/2016,20.3305
13/12/2016,20.2567
14/12/2016,20.2226
15/12/2016,20.5973
16/12/2016,20.428
19/12/2016,20.4098
20/12/2016,20.43
21/12/2016,20.4921
22/12/2016,20.7179
23/12/2016,20.6271
26/12/2016,20.6445
27/12/2016,20.7052
28/12/2016,20.7314
29/12/2016,20.664
30/12/2016,20.6194
02/01/2017,20.7323
03/01/2017,20.852
04/01/2017,21.3799
05/01/2017,21.3661
06/01/2017,21.3144
09/01/2017,21.3219
10/01/2017,21.6168
11/01/2017,21.9076
12/01/2017,21.7204
13/01/2017,21.633
16/01/2017,21.6643
17/01/2017,21.5738
18/01/2017,21.8514
19/01/2017,21.9044
20/01/2017,21.7002
23/01/2017,21.4512
24/01/2017,21.3692
25/01/2017,21.3439
26/01/2017,21.2024
27/01/2017,21.0212
30/01/2017,20.7588
31/01/2017,20.7908
01/02/2017,20.7752
02/02/2017,20.5757
03/02/2017,20.3439
07/02/2017,20.637
08/02/2017,20.4994
09/02/2017,20.4163
10/02/2017,20.3535
13/02/2017,20.328
14/02/2017,20.3507
15/02/2017,20.3254
16/02/2017,20.3325
17/02/2017,20.4526
20/02/2017,20.4059
21/02/2017,20.4489
22/02/2017,19.9127
23/02/2017,19.7011
24/02/2017,19.8335
27/02/2017,19.8322
28/02/2017,19.9957
01/03/2017,19.9007
02/03/2017,19.9373
03/03/2017,19.6147
06/03/2017,19.5538
07/03/2017,19.521
08/03/2017,19.6007
09/03/2017,19.7974
10/03/2017,19.6279
13/03/2017,19.5803
14/03/2017,19.6543
15/03/2017,19.4493
16/03/2017,19.173
17/03/2017,19.117
21/03/2017,19.107
22/03/2017,19.0837
23/03/2017,18.9877
24/03/2017,18.8528
27/03/2017,18.8661
28/03/2017,18.8853
29/03/2017,18.8092
30/03/2017,18.7079
31/03/2017,18.7955
03/04/2017,18.732
04/04/2017,18.8334
05/04/2017,18.7192
06/04/2017,18.7696
07/04/2017,18.656
10/04/2017,18.6923
11/04/2017,18.7646
12/04/2017,18.7528
17/04/2017,18.5582
18/04/2017,18.4863
19/04/2017,18.8374
20/04/2017,18.8187
21/04/2017,18.8413
24/04/2017,18.6521
25/04/2017,18.9225
26/04/2017,19.1119
27/04/2017,19.067
28/04/2017,18.9594
02/05/2017,18.7731
03/05/2017,18.8031
04/05/2017,19.0019
05/05/2017,19.0137
08/05/2017,19.1164
09/05/2017,19.1364
10/05/2017,18.9587
11/05/2017,18.9039
12/05/2017,18.7594
15/05/2017,18.67
16/05/2017,18.6183
17/05/2017,18.6761
18/05/2017,18.8898
19/05/2017,18.6859
22/05/2017,18.6633
23/05/2017,18.615
24/05/2017,18.5689
25/05/2017,18.4185
26/05/2017,18.4849
29/05/2017,18.5121
30/05/2017,18.6643
31/05/2017,18.6909
01/06/2017,18.5941
02/06/2017,18.6204
05/06/2017,18.3819
06/06/2017,18.2762
07/06/2017,18.2278
08/06/2017,18.1946
09/06/2017,18.1939
12/06/2017,18.1802
13/06/2017,18.0725
14/06/2017,17.9343
15/06/2017,18.1154
16/06/2017,17.9321
19/06/2017,17.9519
20/06/2017,18.1167
21/06/2017,18.157
22/06/2017,18.127
23/06/2017,17.99
26/06/2017,17.8775
27/06/2017,17.9862
28/06/2017,17.8973
29/06/2017,18.0279
30/06/2017,18.0626
03/07/2017,18.2064
04/07/2017,18.2036
05/07/2017,18.3556
06/07/2017,18.3227
07/07/2017,18.1394
10/07/2017,17.9751
11/07/2017,17.9482
12/07/2017,17.7708
13/07/2017,17.7422
14/07/2017,17.5613
17/07/2017,17.5836
18/07/2017,17.5134
19/07/2017,17.4937
20/07/2017,17.526
21/07/2017,17.5618
24/07/2017,17.6893
25/07/2017,17.7492
26/07/2017,17.7561
27/07/2017,17.6886
28/07/2017,17.7435
31/07/2017,17.8646
01/08/2017,17.8108
02/08/2017,17.8696
03/08/2017,17.8733
04/08/2017,17.8798
07/08/2017,17.9641
08/08/2017,17.916
09/08/2017,17.9671
10/08/2017,17.9073
11/08/2017,17.847
14/08/2017,17.7755
15/08/2017,17.8483
16/08/2017,17.716
17/08/2017,17.7324
18/08/2017,17.8584
21/08/2017,17.6501
22/08/2017,17.6458
23/08/2017,17.7113
24/08/2017,17.6977
25/08/2017,17.6205
28/08/2017,17.8049
29/08/2017,17.876
30/08/2017,17.7753
31/08/2017,17.8145
01/09/2017,17.7861
04/09/2017,17.8683
05/09/2017,17.836
06/09/2017,17.8136
07/09/2017,17.6965
08/09/2017,17.7331
11/09/2017,17.6443
12/09/2017,17.781
13/09/2017,17.7836
14/09/2017,17.7278
15/09/2017,17.6857
18/09/2017,17.761
19/09/2017,17.7643
20/09/2017,17.7009
21/09/2017,17.8545
22/09/2017,17.7487
25/09/2017,17.8831
26/09/2017,17.9933
27/09/2017,18.13
28/09/2017,18.1979
29/09/2017,18.159
02/10/2017,18.2337
03/10/2017,18.2113
04/10/2017,18.2282
05/10/2017,18.306
06/10/2017,18.5522
09/10/2017,18.6646
10/10/2017,18.6327
11/10/2017,18.718
12/10/2017,18.7631
13/10/2017,18.9008
16/10/2017,19.0753
17/10/2017,19.0117
18/10/2017,18.8869
19/10/2017,18.8248
20/10/2017,19.008
23/10/2017,19.0489
24/10/2017,19.2009
25/10/2017,19.077
26/10/2017,19.096
27/10/2017,19.1474
30/10/2017,19.2188
31/10/2017,19.1478
01/11/2017,19.1241
03/11/2017,19.185
06/11/2017,19.0814
07/11/2017,19.1349
08/11/2017,19.0718
09/11/2017,19.09
10/11/2017,19.0526
13/11/2017,19.168
14/11/2017,19.1334
15/11/2017,19.2268
16/11/2017,19.1224
17/11/2017,18.9724
21/11/2017,18.8242
22/11/2017,18.74
23/11/2017,18.6041
24/11/2017,18.5379
27/11/2017,18.52
28/11/2017,18.5848
29/11/2017,18.519
30/11/2017,18.6229
01/12/2017,18.6399
04/12/2017,18.642
05/12/2017,18.6958
06/12/2017,18.8897
07/12/2017,18.9315
08/12/2017,18.9445
11/12/2017,18.974
13/12/2017,19.1391
14/12/2017,19.1202
15/12/2017,19.1289
18/12/2017,19.0289
19/12/2017,19.1913
20/12/2017,19.2291
21/12/2017,19.3962
22/12/2017,19.5848
26/12/2017,19.7223
27/12/2017,19.7867
28/12/2017,19.7354
29/12/2017,19.6629
02/01/2018,19.4899
03/01/2018,19.3717
04/01/2018,19.2427
05/01/2018,19.2737
08/01/2018,19.2323
09/01/2018,19.3065
10/01/2018,19.2405
11/01/2018,19.3433
12/01/2018,19.0446
15/01/2018,18.8113
16/01/2018,18.8362
17/01/2018,18.655
18/01/2018,18.6361
19/01/2018,18.5813
22/01/2018,18.7118
23/01/2018,18.798
24/01/2018,18.5178
25/01/2018,18.478
26/01/2018,18.4672
29/01/2018,18.6196
30/01/2018,18.6982
31/01/2018,18.6069
01/02/2018,18.4004
02/02/2018,18.5248
06/02/2018,18.7009
07/02/2018,18.6492
08/02/2018,18.8815
09/02/2018,18.8623
12/02/2018,18.6703
13/02/2018,18.6269
14/02/2018,18.6025
15/02/2018,18.5159
16/02/2018,18.4797
19/02/2018,18.536
20/02/2018,18.6594
21/02/2018,18.6518
22/02/2018,18.6574
23/02/2018,18.5659
26/02/2018,18.6456
27/02/2018,18.7902
28/02/2018,18.8331
01/03/2018,18.861
02/03/2018,18.8909
05/03/2018,18.8838
06/03/2018,18.7246
07/03/2018,18.7922
08/03/2018,18.7148
09/03/2018,18.5812
12/03/2018,18.6199
13/03/2018,18.5604
14/03/2018,18.5854
15/03/2018,18.7023
16/03/2018,18.7216
20/03/2018,18.7614
21/03/2018,18.6001
22/03/2018,18.5078
23/03/2018,18.5364
26/03/2018,18.3268
27/03/2018,18.3445
28/03/2018,18.2709
02/04/2018,18.2967
03/04/2018,18.2044
04/04/2018,18.2244
05/04/2018,18.1081
06/04/2018,18.2888
09/04/2018,18.2753
10/04/2018,18.2882
11/04/2018,18.2018
12/04/2018,18.1353
13/04/2018,18.087
16/04/2018,18.0394
17/04/2018,17.9787
18/04/2018,18.0333
19/04/2018,18.2819
20/04/2018,18.621
23/04/2018,18.8628
24/04/2018,18.8139
25/04/2018,19.053
26/04/2018,18.8644
27/04/2018,18.6847
30/04/2018,18.7878
02/05/2018,19.0943
03/05/2018,19.1223
04/05/2018,19.2017
07/05/2018,19.4232
08/05/2018,19.5781
09/05/2018,19.5387
10/05/2018,19.2989
11/05/2018,19.3539
14/05/2018,19.5214
15/05/2018,19.7854
16/05/2018,19.7094
17/05/2018,19.7033
18/05/2018,19.9319
21/05/2018,19.9054
22/05/2018,19.7528
23/05/2018,19.7661
24/05/2018,19.7048
25/05/2018,19.5608
28/05/2018,19.5915
29/05/2018,19.7499
30/05/2018,19.7322
31/05/2018,19.9759
01/06/2018,19.8662
04/06/2018,19.9934
05/06/2018,20.3863
06/06/2018,20.3129
07/06/2018,20.46
08/06/2018,20.5281
11/06/2018,20.4722
12/06/2018,20.596
13/06/2018,20.6259
14/06/2018,20.6953
15/06/2018,20.716
18/06/2018,20.6968
19/06/2018,20.5531
20/06/2018,20.3937
21/06/2018,20.3689
22/06/2018,20.1264
25/06/2018,20.0908
26/06/2018,19.8754
27/06/2018,20.0553
28/06/2018,19.8633
29/06/2018,19.6912
02/07/2018,20.1453
03/07/2018,19.5974
04/07/2018,19.4284
05/07/2018,19.2513
06/07/2018,19.0719
09/07/2018,19.1563
10/07/2018,19.0559
11/07/2018,18.9632
12/07/2018,18.8241
13/07/2018,18.8854
16/07/2018,18.836
17/07/2018,18.8763
18/07/2018,18.91
19/07/2018,19.079
20/07/2018,19.0694
23/07/2018,19.0761
24/07/2018,18.8506
25/07/2018,18.7709
26/07/2018,18.6234
27/07/2018,18.5515
30/07/2018,18.5413
31/07/2018,18.6457
01/08/2018,18.5899
02/08/2018,18.6349
03/08/2018,18.5725
06/08/2018,18.5433
07/08/2018,18.4631
08/08/2018,18.4542
09/08/2018,18.6511
10/08/2018,18.9273
13/08/2018,19.1801
14/08/2018,18.9973
15/08/2018,19.2339
16/08/2018,19.01
17/08/2018,19.0615
20/08/2018,19.0305
21/08/2018,18.8784
22/08/2018,18.8176
23/08/2018,18.8672
24/08/2018,18.8339
27/08/2018,18.6697
28/08/2018,18.9354
29/08/2018,19.0659
30/08/2018,19.1258
31/08/2018,19.1792
03/09/2018,19.2137
04/09/2018,19.3609
05/09/2018,19.4433
06/09/2018,19.3546
07/09/2018,19.2394
10/09/2018,19.2989
11/09/2018,19.268
12/09/2018,19.0511
13/09/2018,18.8775
14/09/2018,18.8689
17/09/2018,18.8399
18/09/2018,18.7694
19/09/2018,18.7672
20/09/2018,18.8296
21/09/2018,18.8539
24/09/2018,18.8516
25/09/2018,18.987
26/09/2018,18.8986
27/09/2018,18.812
28/09/2018,18.7231
01/10/2018,18.6531
02/10/2018,18.7503
03/10/2018,18.8014
04/10/2018,19.1328
05/10/2018,18.9444
08/10/2018,18.9234
09/10/2018,19
10/10/2018,19.1183
11/10/2018,19.0217
12/10/2018,18.9202
15/10/2018,18.8096
16/10/2018,18.7693
17/10/2018,18.8012
18/10/2018,19.1018
19/10/2018,19.2183
22/10/2018,19.3669
23/10/2018,19.4169
24/10/2018,19.4623
25/10/2018,19.4383
26/10/2018,19.479
29/10/2018,19.8022
30/10/2018,20.0258
31/10/2018,20.3177
01/11/2018,20.1329
05/11/2018,19.9636
06/11/2018,19.8609
07/11/2018,19.8245
08/11/2018,20.0438
09/11/2018,20.3614
12/11/2018,20.3179
13/11/2018,20.5158
14/11/2018,20.3979
15/11/2018,20.3371
16/11/2018,20.155
20/11/2018,20.4123
21/11/2018,20.2023
22/11/2018,20.2984
23/11/2018,20.3935
26/11/2018,20.5304
27/11/2018,20.4977
28/11/2018,20.4108
29/11/2018,20.2217
30/11/2018,20.3455
03/12/2018,20.2346
04/12/2018,20.5123
05/12/2018,20.5672
06/12/2018,20.4705
07/12/2018,20.2609
10/12/2018,20.3621
11/12/2018,20.2889
13/12/2018,20.2566
14/12/2018,20.3337
17/12/2018,20.1126
18/12/2018,20.1277
19/12/2018,20.0293
20/12/2018,19.9082
21/12/2018,19.9275
24/12/2018,19.8473
26/12/2018,19.8823
27/12/2018,19.6829
28/12/2018,19.6566
31/12/2018,19.6512
02/01/2019,19.5878
03/01/2019,19.6073
04/01/2019,19.4902
07/01/2019,19.3208
08/01/2019,19.3479
09/01/2019,19.2456
10/01/2019,19.1714
11/01/2019,19.1236
14/01/2019,19.0064
15/01/2019,19.0457
16/01/2019,18.9908
17/01/2019,19.063
18/01/2019,19.0844
21/01/2019,19.1902
22/01/2019,19.1297
23/01/2019,19.0771
24/01/2019,18.9859
25/01/2019,18.928
28/01/2019,19.0381
29/01/2019,18.9972
30/01/2019,19.1623
31/01/2019,19.0388
01/02/2019,19.1098
05/02/2019,19.0824
06/02/2019,19.1058
07/02/2019,19.08
08/02/2019,19.0893
11/02/2019,19.2524
12/02/2019,19.2592
13/02/2019,19.4084
14/02/2019,19.3569
15/02/2019,19.3625
18/02/2019,19.2578
19/02/2019,19.1778
20/02/2019,19.1835
21/02/2019,19.2652
22/02/2019,19.1394
25/02/2019,19.1185
26/02/2019,19.163
27/02/2019,19.2201
28/02/2019,19.2607
01/03/2019,19.2978
04/03/2019,19.3039
05/03/2019,19.2597
06/03/2019,19.3708
07/03/2019,19.5225
08/03/2019,19.4902
11/03/2019,19.4243
12/03/2019,19.3049
13/03/2019,19.332
14/03/2019,19.3233
15/03/2019,19.2176
19/03/2019,19.0004
20/03/2019,18.9098
21/03/2019,18.8694
22/03/2019,19.1369
25/03/2019,19.0151
26/03/2019,19.0989
27/03/2019,19.3201
28/03/2019,19.3793
29/03/2019,19.3779
01/04/2019,19.2169
02/04/2019,19.2279
03/04/2019,19.1805
04/04/2019,19.1728
05/04/2019,19.0805
08/04/2019,18.9701
09/04/2019,18.9229
10/04/2019,18.836
11/04/2019,18.8432
12/04/2019,18.7719
15/04/2019,18.8489
16/04/2019,18.9516
17/04/2019,18.848
22/04/2019,18.8359
23/04/2019,18.9578
24/04/2019,19.0046
25/04/2019,19.0942
26/04/2019,18.9414
29/04/2019,19.012
30/04/2019,19.0099
02/05/2019,19.1014
03/05/2019,19.0012
06/05/2019,18.9781
07/05/2019,19.0499
08/05/2019,19.0837
09/05/2019,19.2623
10/05/2019,19.1374
13/05/2019,19.1928
14/05/2019,19.1427
15/05/2019,19.1236
16/05/2019,19.071
17/05/2019,19.1454
20/05/2019,19.0908
21/05/2019,19.0309
22/05/2019,18.9755
23/05/2019,19.0122
24/05/2019,19.0658
27/05/2019,19.0521
28/05/2019,19.1652
29/05/2019,19.2395
30/05/2019,19.0683
31/05/2019,19.6426
03/06/2019,19.7609
04/06/2019,19.6007
05/06/2019,19.5418
06/06/2019,19.7084
07/06/2019,19.6528
10/06/2019,19.204
11/06/2019,19.1222
12/06/2019,19.1383
13/06/2019,19.1645
14/06/2019,19.1487
17/06/2019,19.1924
18/06/2019,19.1011
19/06/2019,19.1753
20/06/2019,18.9804
21/06/2019,19.0661
24/06/2019,19.1833
25/06/2019,19.2271
26/06/2019,19.1442
27/06/2019,19.1685
28/06/2019,19.2087
01/07/2019,19.076
02/07/2019,19.0694
03/07/2019,19.0502
04/07/2019,18.9947
05/07/2019,19.0446
08/07/2019,18.9116
09/07/2019,19.0043
10/07/2019,19.2425
11/07/2019,19.1227
12/07/2019,19.0307
15/07/2019,18.9803
16/07/2019,19.0781
17/07/2019,19.0233
18/07/2019,19.0108
19/07/2019,19.0123
22/07/2019,19.0659
23/07/2019,19.1315
24/07/2019,19.0894
25/07/2019,19.0623
26/07/2019,19.0699
29/07/2019,19.09
30/07/2019,19.0747
31/07/2019,18.9929
01/08/2019,19.1627
02/08/2019,19.3116
05/08/2019,19.5731
06/08/2019,19.6291
07/08/2019,19.6953
08/08/2019,19.5118
09/08/2019,19.4283
12/08/2019,19.5803
13/08/2019,19.463
14/08/2019,19.5763
15/08/2019,19.6365
16/08/2019,19.5669
19/08/2019,19.8153
20/08/2019,19.7522
21/08/2019,19.6798
22/08/2019,19.7467
23/08/2019,19.8402
26/08/2019,19.9086
27/08/2019,19.9934
28/08/2019,20.0314
29/08/2019,20.0988
30/08/2019,20.0696
02/09/2019,20.1253
03/09/2019,20.0039
04/09/2019,19.7806
05/09/2019,19.6834
06/09/2019,19.5623
09/09/2019,19.5398
10/09/2019,19.5354
11/09/2019,19.5478
12/09/2019,19.4265
13/09/2019,19.3665
17/09/2019,19.4262
18/09/2019,19.3528
19/09/2019,19.3981
20/09/2019,19.4478
23/09/2019,19.4459
24/09/2019,19.4587
25/09/2019,19.5775
26/09/2019,19.6363
27/09/2019,19.6808
30/09/2019,19.7345
01/10/2019,19.7792
02/10/2019,19.7985
03/10/2019,19.7368
04/10/2019,19.5255
07/10/2019,19.5522
08/10/2019,19.584
09/10/2019,19.5689
10/10/2019,19.4764
11/10/2019,19.3217
14/10/2019,19.2652
15/10/2019,19.252
16/10/2019,19.2135
17/10/2019,19.1602
18/10/2019,19.1492
21/10/2019,19.1422
22/10/2019,19.105
23/10/2019,19.1258
24/10/2019,19.0878
25/10/2019,19.082
28/10/2019,19.0543
29/10/2019,19.1167
30/10/2019,19.1643
31/10/2019,19.1948
01/11/2019,19.1058
04/11/2019,19.1525
05/11/2019,19.2125
06/11/2019,19.1953
07/11/2019,19.1327
08/11/2019,19.1068
11/11/2019,19.109
12/11/2019,19.2178
13/11/2019,19.4543
14/11/2019,19.4228
15/11/2019,19.2063
19/11/2019,19.3687
20/11/2019,19.48
21/11/2019,19.4138
22/11/2019,19.3987
25/11/2019,19.4468
26/11/2019,19.5185
27/11/2019,19.5607
28/11/2019,19.6113
29/11/2019,19.5352
02/12/2019,19.5717
03/12/2019,19.5678
04/12/2019,19.4707
05/12/2019,19.3688
06/12/2019,19.3247
09/12/2019,19.2302
10/12/2019,19.2362
11/12/2019,19.1785
13/12/2019,19.0455
16/12/2019,18.9702
17/12/2019,18.9165
18/12/2019,18.9542
19/12/2019,18.964
20/12/2019,18.9133
23/12/2019,18.9385
24/12/2019,18.9643
26/12/2019,18.9445
27/12/2019,18.8452
30/12/2019,18.8727
31/12/2019,18.8642
02/01/2020,18.8817
03/01/2020,18.8673
06/01/2020,18.827
07/01/2020,18.8852
08/01/2020,18.798
09/01/2020,18.8453
10/01/2020,18.7732
13/01/2020,18.8215
14/01/2020,18.812
15/01/2020,18.8077
16/01/2020,18.793
17/01/2020,18.7388
20/01/2020,18.6725
21/01/2020,18.7007
22/01/2020,18.6883
23/01/2020,18.8018
24/01/2020,18.8313
27/01/2020,18.9407
28/01/2020,18.8022
29/01/2020,18.7067
30/01/2020,18.7853
31/01/2020,18.9082
04/02/2020,18.6797
05/02/2020,18.6245
06/02/2020,18.6645
07/02/2020,18.7763
10/02/2020,18.7653
11/02/2020,18.674
12/02/2020,18.6308
13/02/2020,18.6458
14/02/2020,18.5712
17/02/2020,18.5715
18/02/2020,18.5952
19/02/2020,18.591
20/02/2020,18.7992
21/02/2020,18.9138
24/02/2020,19.1197
25/02/2020,19.0878
26/02/2020,19.1585
27/02/2020,19.3973
28/02/2020,19.776
02/03/2020,19.6985
03/03/2020,19.2837
04/03/2020,19.5335
05/03/2020,19.8095
06/03/2020,20.1623
09/03/2020,21.1117
10/03/2020,21.0267
11/03/2020,21.213
12/03/2020,22.1518
13/03/2020,21.9288
17/03/2020,23.0573
18/03/2020,23.9008
19/03/2020,24.0868
20/03/2020,24.1113
23/03/2020,25.0782
24/03/2020,25.1185
25/03/2020,24.2948
26/03/2020,23.097
27/03/2020,23.5122
30/03/2020,24.2853
31/03/2020,23.4847
01/04/2020,24.4918
02/04/2020,24.1087
03/04/2020,24.6938
06/04/2020,24.6895
07/04/2020,24.0388
08/04/2020,24.0925
13/04/2020,23.7427
14/04/2020,23.5645
15/04/2020,24.1155
16/04/2020,24.2098
17/04/2020,23.9012
20/04/2020,24.0077
21/04/2020,24.4248
22/04/2020,24.5883
23/04/2020,24.623
24/04/2020,24.8583
27/04/2020,24.8492
28/04/2020,24.3882
29/04/2020,24.0002
30/04/2020,23.9283
04/05/2020,24.3812
05/05/2020,23.8343
06/05/2020,24.2942
07/05/2020,24.0563
08/05/2020,23.6805
11/05/2020,23.8693
12/05/2020,24.0487
13/05/2020,24.2113
14/05/2020,24.2708
15/05/2020,23.958
18/05/2020,23.6032
19/05/2020,23.6023
20/05/2020,23.2962
21/05/2020,22.96
22/05/2020,22.7928
25/05/2020,22.563
26/05/2020,22.2932
27/05/2020,22.3633
28/05/2020,22.204
29/05/2020,22.1778
01/06/2020,22.0168
02/06/2020,21.6827
03/06/2020,21.6043
04/06/2020,21.8388
05/06/2020,21.5837
08/06/2020,21.6552
09/06/2020,21.7252
10/06/2020,21.923
11/06/2020,22.4252
12/06/2020,22.3347
15/06/2020,22.5435
16/06/2020,22.2168
17/06/2020,22.2783
18/06/2020,22.6088
19/06/2020,22.63
22/06/2020,22.4413
23/06/2020,22.413
24/06/2020,22.6662
25/06/2020,22.7963
26/06/2020,22.9715
29/06/2020,23.1325
30/06/2020,23.0893
01/07/2020,22.8078
02/07/2020,22.5225
03/07/2020,22.4147
06/07/2020,22.2808
07/07/2020,22.6213
08/07/2020,22.8225
09/07/2020,22.6945
10/07/2020,22.5342
13/07/2020,22.4633
14/07/2020,22.6173
15/07/2020,22.3647
16/07/2020,22.3032
17/07/2020,22.4897
20/07/2020,22.6278
21/07/2020,22.3597
22/07/2020,22.251
23/07/2020,22.3627
24/07/2020,22.3842
27/07/2020,22.0275
28/07/2020,21.9615
29/07/2020,21.9907
30/07/2020,22.1727
31/07/2020,22.2012
03/08/2020,22.614
04/08/2020,22.7845
05/08/2020,22.4068
06/08/2020,22.3652
07/08/2020,22.4892
10/08/2020,22.485
11/08/2020,22.349
12/08/2020,22.3457
13/08/2020,22.2628
14/08/2020,22.0313
17/08/2020,22.057
18/08/2020,22.1535
19/08/2020,22.0527
20/08/2020,22.176
21/08/2020,22.0362
24/08/2020,21.984
25/08/2020,21.9723
26/08/2020,21.9202
27/08/2020,22.1168
28/08/2020,21.8602
31/08/2020,21.888
01/09/2020,21.7445
02/09/2020,21.8393
03/09/2020,21.6383
04/09/2020,21.6115
07/09/2020,21.5887
08/09/2020,21.7138
09/09/2020,21.5377
10/09/2020,21.2773
11/09/2020,21.321
14/09/2020,21.0728
15/09/2020,21.0692
17/09/2020,20.985
18/09/2020,20.9697
21/09/2020,21.505
22/09/2020,21.5682
23/09/2020,22.0897
24/09/2020,22.3678
25/09/2020,22.4402
28/09/2020,22.4573
29/09/2020,22.3598
30/09/2020,22.1438
01/10/2020,21.9562
02/10/2020,21.7025
05/10/2020,21.396
06/10/2020,21.4507
07/10/2020,21.493
08/10/2020,21.4318
09/10/2020,21.1822
12/10/2020,21.2183
13/10/2020,21.3677
14/10/2020,21.2998
15/10/2020,21.3832
16/10/2020,21.1765
19/10/2020,21.1342
20/10/2020,21.0902
21/10/2020,21.064
22/10/2020,21.03
23/10/2020,20.9205
26/10/2020,20.9818
27/10/2020,20.8798
28/10/2020,21.1648
29/10/2020,21.377
30/10/2020,21.2508
03/11/2020,21.1555
04/11/2020,21.0345
05/11/2020,20.7612
06/11/2020,20.62
09/11/2020,20.36
10/11/2020,20.4018
11/11/2020,20.5772
12/11/2020,20.5303
13/11/2020,20.4833
17/11/2020,20.3212
18/11/2020,20.2388
19/11/2020,20.1858
20/11/2020,20.1172
23/11/2020,20.1012
24/11/2020,20.0577
25/11/2020,20.0465
26/11/2020,20.0467
27/11/2020,20.0777
30/11/2020,20.1398
01/12/2020,20.0508
02/12/2020,20.0497
03/12/2020,19.9083
04/12/2020,19.7838
07/12/2020,19.8213
08/12/2020,19.7537
09/12/2020,19.8368
10/12/2020,19.9572
11/12/2020,20.1075
14/12/2020,20.1778
15/12/2020,20.1113
16/12/2020,19.9513
17/12/2020,19.8173
18/12/2020,19.9487
21/12/2020,20.0905
22/12/2020,20.0562
23/12/2020,20.1175
24/12/2020,19.8517
28/12/2020,20.0477
29/12/2020,19.9487
30/12/2020,19.9352
31/12/2020,19.9087
04/01/2021,19.8457
05/01/2021,19.9437
06/01/2021,19.725
07/01/2021,19.91
08/01/2021,19.9705
11/01/2021,20.113
12/01/2021,19.9373
13/01/2021,19.7935
14/01/2021,19.7793
15/01/2021,19.7875
18/01/2021,19.757
19/01/2021,19.6788
20/01/2021,19.5793
21/01/2021,19.7393
22/01/2021,19.9833
25/01/2021,20.1598
26/01/2021,20.0152
27/01/2021,20.2168
28/01/2021,20.2697
29/01/2021,20.2248
02/02/2021,20.1722
03/02/2021,20.1953
04/02/2021,20.4435
05/02/2021,20.1388
08/02/2021,20.1227
09/02/2021,20.0913
10/02/2021,20.0588
11/02/2021,19.9535
12/02/2021,19.9622
15/02/2021,19.9518
16/02/2021,20.2023
17/02/2021,20.2257
18/02/2021,20.4165
19/02/2021,20.4222
22/02/2021,20.6783
23/02/2021,20.5833
24/02/2021,20.4752
25/02/2021,20.8523
26/02/2021,20.939
01/03/2021,20.6123
02/03/2021,20.6903
03/03/2021,20.8957
04/03/2021,20.8498
05/03/2021,21.2635
08/03/2021,21.4177
09/03/2021,21.2575
10/03/2021,20.9853
11/03/2021,20.7133
12/03/2021,20.7637
16/03/2021,20.5753
17/03/2021,20.6828
18/03/2021,20.4415
19/03/2021,20.4823
22/03/2021,20.5788
23/03/2021,20.6408
24/03/2021,20.7882
25/03/2021,20.7662
26/03/2021,20.5677
29/03/2021,20.6047
30/03/2021,20.6025
31/03/2021,20.44
05/04/2021,20.2483
06/04/2021,20.1612
07/04/2021,20.1765
08/04/2021,20.089
09/04/2021,20.163
12/04/2021,20.095
13/04/2021,20.0735
14/04/2021,20.0583
15/04/2021,19.927
16/04/2021,19.9158
19/04/2021,19.8145
20/04/2021,19.8877
21/04/2021,19.874
22/04/2021,19.8865
23/04/2021,19.8695
26/04/2021,19.8362
27/04/2021,19.9785
28/04/2021,19.9712
29/04/2021,20.0978
30/04/2021,20.1822
03/05/2021,20.1902
04/05/2021,20.2235
05/05/2021,20.2077
06/05/2021,20.1838
07/05/2021,19.9223
10/05/2021,19.886
11/05/2021,19.8848
12/05/2021,20.094
13/05/2021,20.0495
14/05/2021,19.8487
17/05/2021,19.8028
18/05/2021,19.8313
19/05/2021,19.8143
20/05/2021,19.881
21/05/2021,19.951
24/05/2021,19.872
25/05/2021,19.8903
26/05/2021,19.8783
27/05/2021,19.9487
28/05/2021,19.9442
31/05/2021,19.9213
01/06/2021,19.8927
02/06/2021,19.9277
03/06/2021,20.0605
04/06/2021,19.9328
07/06/2021,19.797
08/06/2021,19.7728
09/06/2021,19.6897
10/06/2021,19.7002
11/06/2021,19.8823
14/06/2021,19.9065
15/06/2021,20.1235
16/06/2021,20.0588
17/06/2021,20.4292
18/06/2021,20.7002
21/06/2021,20.6
22/06/2021,20.5712
23/06/2021,20.2505
24/06/2021,20.0483
25/06/2021,19.793
28/06/2021,19.8027
29/06/2021,19.8157
30/06/2021,19.9062
01/07/2021,20.0368
02/07/2021,19.8817
05/07/2021,19.8532
06/07/2021,19.9658
07/07/2021,19.9915
08/07/2021,20.007
09/07/2021,19.88
12/07/2021,19.8577
13/07/2021,19.9988
14/07/2021,19.8992
15/07/2021,19.9412
16/07/2021,19.8537
19/07/2021,20
20/07/2021,20.1348
21/07/2021,20.1907
22/07/2021,20.1812
23/07/2021,20.0238
26/07/2021,20.0245
27/07/2021,19.977
28/07/2021,19.9535
29/07/2021,19.8448
30/07/2021,19.8455
02/08/2021,19.852
03/08/2021,19.892
04/08/2021,19.9547
05/08/2021,19.9293
06/08/2021,20.0037
09/08/2021,20.0648
10/08/2021,20.1038
11/08/2021,19.953
12/08/2021,19.8907
13/08/2021,19.8603
16/08/2021,19.8863
17/08/2021,19.9912
18/08/2021,20.0107
19/08/2021,20.1175
20/08/2021,20.402
23/08/2021,20.3907
24/08/2021,20.2967
25/08/2021,20.2933
26/08/2021,20.3522
27/08/2021,20.2293
30/08/2021,20.1403
31/08/2021,20.0605
01/09/2021,19.9615
02/09/2021,19.9703
03/09/2021,19.8992
06/09/2021,19.8878
07/09/2021,19.944
08/09/2021,19.9383
09/09/2021,19.9318
10/09/2021,19.8717
13/09/2021,19.8677
14/09/2021,19.9035
15/09/2021,19.9003
17/09/2021,19.9853
20/09/2021,20.1735
21/09/2021,20.1438
22/09/2021,20.0328
23/09/2021,20.028
24/09/2021,20.1118
27/09/2021,20.1052
28/09/2021,20.306
29/09/2021,20.4977
30/09/2021,20.5623
01/10/2021,20.5103
04/10/2021,20.5747
05/10/2021,20.5818
06/10/2021,20.6947
07/10/2021,20.604
08/10/2021,20.7293
11/10/2021,20.8017
12/10/2021,20.7767
13/10/2021,20.6827
14/10/2021,20.6075
15/10/2021,20.4672
18/10/2021,20.3587
19/10/2021,20.2647
20/10/2021,20.185
21/10/2021,20.2643
22/10/2021,20.1837
25/10/2021,20.1897
26/10/2021,20.1888
27/10/2021,20.193
28/10/2021,20.3255
29/10/2021,20.5297
01/11/2021,20.8598
03/11/2021,20.8352
04/11/2021,20.6242
05/11/2021,20.3925
08/11/2021,20.3265
09/11/2021,20.2833
10/11/2021,20.4702
11/11/2021,20.4652
12/11/2021,20.5072
16/11/2021,20.8092
17/11/2021,20.6912
18/11/2021,20.7628
19/11/2021,20.8283
22/11/2021,20.9632
23/11/2021,21.2107
24/11/2021,21.4357
25/11/2021,21.5462
26/11/2021,21.8185
29/11/2021,21.7333
30/11/2021,21.4453
01/12/2021,21.271
02/12/2021,21.3033
03/12/2021,21.4177
06/12/2021,21.2047
07/12/2021,21.0907
08/12/2021,20.933
09/12/2021,21.0328
10/12/2021,20.8922
13/12/2021,20.9383
14/12/2021,21.165
15/12/2021,21.2393
16/12/2021,20.9238
17/12/2021,20.7337
20/12/2021,20.7363
21/12/2021,20.7823
22/12/2021,20.7527
23/12/2021,20.6582
24/12/2021,20.6112
27/12/2021,20.6828
28/12/2021,20.577
29/12/2021,20.5835
30/12/2021,20.5157
31/12/2021,20.4672
03/01/2022,20.589
04/01/2022,20.4742
05/01/2022,20.3977
06/01/2022,20.4588
07/01/2022,20.4237
10/01/2022,20.4453
11/01/2022,20.3785
12/01/2022,20.366
13/01/2022,20.3607
14/01/2022,20.3118
17/01/2022,20.3002
18/01/2022,20.403
19/01/2022,20.46
20/01/2022,20.4507
21/01/2022,20.4598
24/01/2022,20.6308
25/01/2022,20.6683
26/01/2022,20.6415
27/01/2022,20.7383
28/01/2022,20.8597
31/01/2022,20.6352
01/02/2022,20.58
02/02/2022,20.6003
03/02/2022,20.5562
04/02/2022,20.7325
08/02/2022,20.6413
09/02/2022,20.5008
10/02/2022,20.4148
11/02/2022,20.4188
14/02/2022,20.411
15/02/2022,20.3992
16/02/2022,20.3335
17/02/2022,20.2978
18/02/2022,20.3063
21/02/2022,20.2825
22/02/2022,20.2977
23/02/2022,20.2435
24/02/2022,20.6525
25/02/2022,20.4465
28/02/2022,20.4257
01/03/2022,20.5272
02/03/2022,20.7193
03/03/2022,20.7033
04/03/2022,20.9262
07/03/2022,21.1947
08/03/2022,21.3775
09/03/2022,20.9677
10/03/2022,20.9743
11/03/2022,20.9695
14/03/2022,20.8908
15/03/2022,20.8743
16/03/2022,20.7035
17/03/2022,20.5585
18/03/2022,20.4145
22/03/2022,20.2782
23/03/2022,20.18
24/03/2022,20.1313
25/03/2022,19.9577
28/03/2022,20.1195
29/03/2022,19.9942
30/03/2022,19.8632
31/03/2022,19.9112
01/04/2022,19.8432
04/04/2022,19.7443
05/04/2022,19.9012
06/04/2022,20.0665
07/04/2022,20.1605
08/04/2022,20.12
11/04/2022,20.0093
12/04/2022,19.8407
13/04/2022,19.7967
18/04/2022,19.9377
19/04/2022,20.0447
20/04/2022,20.0383
21/04/2022,20.1802
22/04/2022,20.3183
25/04/2022,20.2992
26/04/2022,20.356
27/04/2022,20.4707
28/04/2022,20.567
29/04/2022,20.3728
02/05/2022,20.4075
03/05/2022,20.335
04/05/2022,20.2535
05/05/2022,20.2218
06/05/2022,20.1085
09/05/2022,20.3172
10/05/2022,20.372
11/05/2022,20.2592
12/05/2022,20.32
13/05/2022,20.1443
16/05/2022,20.0782
17/05/2022,19.9637
18/05/2022,19.9663
19/05/2022,19.9267
20/05/2022,19.8657
23/05/2022,19.8282
24/05/2022,19.887
25/05/2022,19.8377
26/05/2022,19.7933
27/05/2022,19.5965
30/05/2022,19.4953
31/05/2022,19.694
01/06/2022,19.7388
02/06/2022,19.5585
03/06/2022,19.5742
06/06/2022,19.5547
07/06/2022,19.5998
08/06/2022,19.59
09/06/2022,19.6128
10/06/2022,19.9297
13/06/2022,20.4527
14/06/2022,20.6583
15/06/2022,20.6675
16/06/2022,20.5728
17/06/2022,20.476
20/06/2022,20.2442
21/06/2022,20.1963
22/06/2022,20.0465
23/06/2022,20.0365
24/06/2022,19.8707
27/06/2022,19.8797
28/06/2022,19.9847
29/06/2022,20.1443
30/06/2022,20.1335
01/07/2022,20.3817
04/07/2022,20.2877
05/07/2022,20.5598
06/07/2022,20.7228
07/07/2022,20.6022
08/07/2022,20.4423
11/07/2022,20.7473
12/07/2022,20.7882
13/07/2022,20.7613
14/07/2022,20.9415
15/07/2022,20.611
18/07/2022,20.3957
19/07/2022,20.4407
20/07/2022,20.4913
21/07/2022,20.6562
22/07/2022,20.515
25/07/2022,20.4652
26/07/2022,20.433
27/07/2022,20.512
28/07/2022,20.3778
29/07/2022,20.3485
01/08/2022,20.2633
02/08/2022,20.5152
03/08/2022,20.6305
04/08/2022,20.3358
05/08/2022,20.401
08/08/2022,20.2789
09/08/2022,20.2715
10/08/2022,19.9562
11/08/2022,19.9595
12/08/2022,19.874
15/08/2022,19.8618
16/08/2022,19.9303
17/08/2022,20.0387
18/08/2022,20.0835
19/08/2022,20.1957
22/08/2022,20.1598
23/08/2022,19.9982
24/08/2022,19.9198
25/08/2022,19.9437
26/08/2022,19.9268
29/08/2022,19.9945
30/08/2022,20.1465
31/08/2022,20.0962
01/09/2022,20.2473
02/09/2022,19.9753
05/09/2022,19.962
06/09/2022,20.138
07/09/2022,20.0297
08/09/2022,20.0203
09/09/2022,19.9027
12/09/2022,19.7957
13/09/2022,20.055
14/09/2022,19.9768
15/09/2022,20.0525
19/09/2022,19.9943
20/09/2022,20
21/09/2022,20.0027
22/09/2022,19.9608
23/09/2022,20.1627
26/09/2022,20.3517
27/09/2022,20.357
28/09/2022,20.3058
29/09/2022,20.1927
30/09/2022,20.0925
03/10/2022,20.0008
04/10/2022,19.9698
05/10/2022,20.1267
06/10/2022,20.1087
07/10/2022,20.0502
10/10/2022,19.9752
11/10/2022,19.9652
12/10/2022,20.0352
13/10/2022,20.0398
14/10/2022,20.0838
17/10/2022,19.9913
18/10/2022,20.0207
19/10/2022,20.1272
20/10/2022,20.0448
21/10/2022,19.9647
24/10/2022,19.9535
25/10/2022,19.8712
26/10/2022,19.8553
27/10/2022,19.8365
28/10/2022,19.8303
31/10/2022,19.8245
01/11/2022,19.7463
03/11/2022,19.6673
04/11/2022,19.5202
07/11/2022,19.4647
08/11/2022,19.4775
09/11/2022,19.5887
10/11/2022,19.394
11/11/2022,19.5353
14/11/2022,19.4015
15/11/2022,19.3818
16/11/2022,19.3137
17/11/2022,19.4333
18/11/2022,19.493
22/11/2022,19.4667
23/11/2022,19.3683
24/11/2022,19.3692
25/11/2022,19.3393
28/11/2022,19.325
29/11/2022,19.216
30/11/2022,19.3965
01/12/2022,19.1433
02/12/2022,19.3422
05/12/2022,19.7567
06/12/2022,19.803
07/12/2022,19.6977
08/12/2022,19.6732
09/12/2022,19.8192
13/12/2022,19.6458
14/12/2022,19.6955
15/12/2022,19.7963
16/12/2022,19.7932
19/12/2022,19.7557
20/12/2022,19.7482
21/12/2022,19.6932
22/12/2022,19.574
23/12/2022,19.4287
26/12/2022,19.3983
27/12/2022,19.4407
28/12/2022,19.4143
29/12/2022,19.3615
30/12/2022,19.4715
02/01/2023,19.4883
03/01/2023,19.422
04/01/2023,19.3568
05/01/2023,19.3672
06/01/2023,19.1753
09/01/2023,19.1648
10/01/2023,19.1108
11/01/2023,19.026
12/01/2023,18.8735
13/01/2023,18.7922
16/01/2023,18.7913
17/01/2023,18.7493
18/01/2023,18.7493
19/01/2023,19.0327
20/01/2023,18.9257
23/01/2023,18.8267
24/01/2023,18.8318
25/01/2023,18.82
26/01/2023,18.8355
27/01/2023,18.7872
30/01/2023,18.7793
31/01/2023,18.7937
01/02/2023,18.739
02/02/2023,18.6232
03/02/2023,18.8895
07/02/2023,19.0517
08/02/2023,18.9435
09/02/2023,18.9543
10/02/2023,18.6893
13/02/2023,18.6327
14/02/2023,18.5383
15/02/2023,18.6428
16/02/2023,18.5497
17/02/2023,18.4142
20/02/2023,18.397
21/02/2023,18.3938
22/02/2023,18.3483
23/02/2023,18.4107
24/02/2023,18.4023
27/02/2023,18.4077
28/02/2023,18.3448
01/03/2023,18.17
02/03/2023,18.126
03/03/2023,18.0123
06/03/2023,18.0122
07/03/2023,18.1155
08/03/2023,17.9662
09/03/2023,18.0577
10/03/2023,18.4083
13/03/2023,18.8302
14/03/2023,18.6427
15/03/2023,18.9972
16/03/2023,18.9095
17/03/2023,18.8977
21/03/2023,18.6755
22/03/2023,18.5437
23/03/2023,18.4902
24/03/2023,18.5178
27/03/2023,18.383
28/03/2023,18.2523
29/03/2023,18.1052
30/03/2023,18.0932
31/03/2023,18.0415
03/04/2023,18.107
04/04/2023,18.1185
05/04/2023,18.3323
10/04/2023,18.1765
11/04/2023,18.187
12/04/2023,18.066
13/04/2023,18.0152
14/04/2023,18.0638
17/04/2023,18.0868
18/04/2023,18.063
19/04/2023,18.0448
20/04/2023,18.009
21/04/2023,17.9988
24/04/2023,18.0082
25/04/2023,18.0892
26/04/2023,18.103
27/04/2023,18.0723
28/04/2023,17.9975
02/05/2023,18.0325
03/05/2023,17.906
04/05/2023,17.9575
05/05/2023,17.7863
08/05/2023,17.8213
09/05/2023,17.7608
10/05/2023,17.5845
11/05/2023,17.6287
12/05/2023,17.6142
15/05/2023,17.538
16/05/2023,17.4672
17/05/2023,17.5872
18/05/2023,17.7342
19/05/2023,17.693
22/05/2023,17.868
23/05/2023,17.9687
24/05/2023,17.8195
25/05/2023,17.8252
26/05/2023,17.6723
29/05/2023,17.5605
30/05/2023,17.6532
31/05/2023,17.7418
01/06/2023,17.5673
02/06/2023,17.5063
05/06/2023,17.4732
06/06/2023,17.4192
07/06/2023,17.3608
08/06/2023,17.4085
09/06/2023,17.284
12/06/2023,17.312
13/06/2023,17.2185
14/06/2023,17.1247
15/06/2023,17.1762
16/06/2023,17.0792
19/06/2023,17.0945
20/06/2023,17.2043
21/06/2023,17.1547
22/06/2023,17.1713
23/06/2023,17.1795
26/06/2023,17.1445
27/06/2023,17.1013
28/06/2023,17.072
29/06/2023,17.1187
30/06/2023,17.1358
03/07/2023,17.0517
04/07/2023,17.026
05/07/2023,17.004
06/07/2023,17.2825
07/07/2023,17.1012
10/07/2023,17.0605
11/07/2023,17.0783
12/07/2023,16.8537
13/07/2023,16.8905
14/07/2023,16.7892
17/07/2023,16.7858
18/07/2023,16.748
19/07/2023,16.7667
20/07/2023,16.846
21/07/2023,16.9393
24/07/2023,16.8367
25/07/2023,16.9075
26/07/2023,16.8825
27/07/2023,16.7338
28/07/2023,16.6895
31/07/2023,16.7303
01/08/2023,16.8533
02/08/2023,17.0193
03/08/2023,17.2892
04/08/2023,17.0555
07/08/2023,17.0608
08/08/2023,17.1122
09/08/2023,17.0767
10/08/2023,16.9548
11/08/2023,17.0045
14/08/2023,17.0672
15/08/2023,17.1388
16/08/2023,17.0768
17/08/2023,17.1225
18/08/2023,17.0477
21/08/2023,17.0202
22/08/2023,16.9267
23/08/2023,16.8077
24/08/2023,16.809
25/08/2023,16.7718
28/08/2023,16.7432
29/08/2023,16.8402
30/08/2023,16.7477
31/08/2023,16.917
01/09/2023,17.1113
04/09/2023,17.175
05/09/2023,17.3492
06/09/2023,17.5805
07/09/2023,17.5543
08/09/2023,17.5767
11/09/2023,17.3813
12/09/2023,17.2553
13/09/2023,17.1235
14/09/2023,17.1042
15/09/2023,17.0807
18/09/2023,17.1307
19/09/2023,17.0805
20/09/2023,17.024
21/09/2023,17.1675
22/09/2023,17.1568
25/09/2023,17.3733
26/09/2023,17.4758
27/09/2023,17.7287
28/09/2023,17.6195
29/09/2023,17.4127
02/10/2023,17.592
03/10/2023,17.9025
04/10/2023,18.017
05/10/2023,18.2407
06/10/2023,18.1837
09/10/2023,18.3482
10/10/2023,17.9917
11/10/2023,17.842
12/10/2023,17.9132
13/10/2023,18.0362
16/10/2023,17.9568
17/10/2023,17.9097
18/10/2023,18.244
19/10/2023,18.2873
20/10/2023,18.2343
23/10/2023,18.1218
24/10/2023,18.2842
25/10/2023,18.3122
26/10/2023,18.2178
27/10/2023,18.0752
30/10/2023,18.064
31/10/2023,18.0368
01/11/2023,17.9305
03/11/2023,17.4117
06/11/2023,17.5308
07/11/2023,17.5097
08/11/2023,17.5017
09/11/2023,17.4888
10/11/2023,17.748
13/11/2023,17.6138
14/11/2023,17.3917
15/11/2023,17.3387
16/11/2023,17.2708
17/11/2023,17.2175
21/11/2023,17.2102
22/11/2023,17.2133
23/11/2023,17.1787
24/11/2023,17.1268
27/11/2023,17.1555
28/11/2023,17.1357
29/11/2023,17.187
30/11/2023,17.373
01/12/2023,17.2143
04/12/2023,17.406
05/12/2023,17.4215
06/12/2023,17.2685
07/12/2023,17.4197
08/12/2023,17.3688
11/12/2023,17.447
13/12/2023,17.398
14/12/2023,17.299
15/12/2023,17.1908
18/12/2023,17.2277
19/12/2023,17.0652
20/12/2023,17.0673
21/12/2023,17.059
22/12/2023,16.9738
26/12/2023,16.9727
27/12/2023,16.922
28/12/2023,16.8935
29/12/2023,16.919
02/01/2024,17.0297
03/01/2024,17.0492
04/01/2024,17.0458
05/01/2024,16.8987
08/01/2024,16.8133
09/01/2024,16.9347
10/01/2024,16.9912
11/01/2024,16.9898
12/01/2024,16.858
15/01/2024,16.8983
16/01/2024,17.1598
17/01/2024,17.2957
18/01/2024,17.1995
19/01/2024,17.1325
22/01/2024,17.1125
23/01/2024,17.352
24/01/2024,17.1673
25/01/2024,17.2375
26/01/2024,17.1657
29/01/2024,17.2333
30/01/2024,17.1932
31/01/2024,17.1633
01/02/2024,17.1335
02/02/2024,17.1447
06/02/2024,17.0357
07/02/2024,17.0398
08/02/2024,17.1023
09/02/2024,17.0855
12/02/2024,17.068
13/02/2024,17.1982
14/02/2024,17.1105
15/02/2024,17.068
16/02/2024,17.0602
19/02/2024,17.05
20/02/2024,17.0458
21/02/2024,17.0603
22/02/2024,17.121
23/02/2024,17.126
26/02/2024,17.126
27/02/2024,17.0605
28/02/2024,17.0962
29/02/2024,17.0633
01/03/2024,17.0217
04/03/2024,16.9828
05/03/2024,16.9257
06/03/2024,16.8728
07/03/2024,16.877
08/03/2024,16.7985
11/03/2024,16.8083
12/03/2024,16.8272
13/03/2024,16.7127
14/03/2024,16.692
15/03/2024,16.71
19/03/2024,16.8523
20/03/2024,16.759
21/03/2024,16.762
22/03/2024,16.7367
25/03/2024,16.7032
26/03/2024,16.678
27/03/2024,16.5323
01/04/2024,16.6578
02/04/2024,16.5673
03/04/2024,16.5415
04/04/2024,16.5173
05/04/2024,16.4758
08/04/2024,16.3357
09/04/2024,16.3932
10/04/2024,16.4883
11/04/2024,16.4583
12/04/2024,16.6693
15/04/2024,16.6815
16/04/2024,17.0252
17/04/2024,16.9948
18/04/2024,17.1145
19/04/2024,17.212
